id,tracking_number,origin_id,destination_id,origin_name,destination_name,route_id,current_node_id,status,priority,category,carrier_name,shipment_distance,current_speed,average_speed,temperature,humidity,route_congestion,historical_delay_rate,number_of_stops,warehouse_load,vehicle_age,previous_route_delays,time_of_day,day_of_week,weather_severity,value_inr,latitude,longitude,dispatch_timestamp,promised_delivery_timestamp,estimated_delivery_timestamp,delay_probability,is_delayed,delay_hours,is_sla_breach
SHP-1001,MMX-80610004,NODE-BEN-119,NODE-HYD-154,Bengaluru Major Hub 1,Hyderabad Major Hub 1,ROUTE-565,NODE-HYD-154,DELIVERED,STANDARD,PHARMA,MeetMux Express,496.2,56.4,35.8,18.2,75.5,0.3,0.05,3,0.46,1,1,14,2,5,204577.1,17.3865,78.3948,2026-09-23T14:14:27.972373,2026-09-23T23:14:27.972373,2026-09-23T23:44:27.972373,0.28683570765056166,0,3.5,0
SHP-1002,MMX-63904155,NODE-PORT-102,NODE-CHE-128,Chennai Port Trust,Chennai Major Hub 3,ROUTE-517,NODE-PORT-102,AT_RISK,EXPRESS,FMCG,Gati KWE,16.3,62.8,50.4,19.5,62.7,0.9,0.14,1,0.86,9,2,18,2,8,1947855.02,13.0606,80.3094,2026-09-23T18:14:27.972373,2026-09-23T18:32:27.972373,2026-09-23T18:32:27.972373,0.6030867849414409,1,6.3,1
SHP-1003,MMX-49580505,NODE-MUM-105,NODE-MUM-106,Bhiwandi Central Mega Hub (H04),Mumbai Major Hub 2,ROUTE-528,NODE-MUM-106,IN_TRANSIT,CRITICAL_SLA,FMCG,Gati KWE,8.8,70.0,37.2,19.1,67.4,0.16,0.07,3,0.94,10,5,21,2,9,2150850.75,19.0314,72.9641,2026-09-23T21:14:27.972373,2026-09-23T21:26:27.972373,2026-09-23T21:26:27.972373,0.5353844269050346,1,4.6,1
SHP-1004,MMX-63516659,NODE-KOL-133,NODE-CUST-138,Kolkata Major Hub 1,Kolkata Zone 3 Retail Cluster,ROUTE-630,NODE-KOL-133,IN_TRANSIT,EXPRESS,TEXTILES,Gati KWE,14.6,25.5,56.1,29.9,69.3,0.75,0.19,6,0.85,4,3,17,2,8,2669868.51,22.5918,88.4668,2026-09-23T17:14:27.972373,2026-09-23T17:44:27.972373,2026-09-23T17:50:27.972373,0.6971514928204012,1,7.2,1
SHP-1005,MMX-27463800,NODE-PORT-104,NODE-AHM-142,Mundra Container Terminal,Ahmedabad Major Hub 3,ROUTE-525,NODE-AHM-142,DELIVERED,EXPRESS,AUTOMOTIVE,Safexpress,298.2,37.2,42.6,31.4,70.9,0.5,0.28,1,0.71,2,0,11,2,7,334865.08,22.922,72.6094,2026-09-23T11:14:27.972373,2026-09-23T16:38:27.972373,2026-09-23T18:08:27.972373,0.3957923312638332,0,3.6,0
SHP-1006,MMX-98145654,NODE-PORT-102,NODE-CHE-127,Chennai Port Trust,Chennai Major Hub 2,ROUTE-516,NODE-CHE-127,IN_TRANSIT,CRITICAL_SLA,TEXTILES,Gati KWE,5.2,50.9,55.1,23.8,79.3,0.9,0.25,4,0.86,1,2,21,1,5,1087356.25,13.0883,80.3169,2026-09-22T21:14:27.972373,2026-09-22T21:20:27.972373,2026-09-22T21:20:27.972373,0.520293152152541,1,8.3,1
SHP-1007,MMX-13886030,NODE-DEL-114,NODE-JAI-148,Delhi NCR Major Hub 3,Jaipur Major Hub 2,ROUTE-558,NODE-JAI-148,IN_TRANSIT,EXPRESS,ELECTRONICS,BlueDart Logistics,234.1,66.5,46.0,28.7,65.8,0.79,0.15,5,0.67,10,4,5,2,9,127448.8,27.3105,76.2373,2026-09-23T05:14:27.972373,2026-09-23T09:32:27.972373,2026-09-23T10:08:27.972373,0.6949606407753696,1,6.1,1
SHP-1008,MMX-60491958,NODE-BEN-120,NODE-CHE-128,Bengaluru Major Hub 2,Chennai Major Hub 3,ROUTE-570,NODE-CHE-128,DELIVERED,EXPRESS,INDUSTRIAL_EQUIPMENT,Gati KWE,312.7,70.7,45.5,20.5,46.4,0.66,0.16,1,0.56,3,5,1,2,1,320685.17,12.9626,80.378,2026-09-23T01:14:27.972373,2026-09-23T06:56:27.972373,2026-09-23T07:50:27.972373,0.4753717364576455,1,4.7,1
SHP-1009,MMX-75184410,NODE-PORT-102,NODE-CUST-129,Chennai Port Trust,Chennai Zone 1 Retail Cluster,ROUTE-617,NODE-PORT-102,IN_TRANSIT,STANDARD,AUTOMOTIVE,Safexpress,21.0,40.4,56.6,28.9,65.5,0.17,0.05,1,0.86,3,1,15,2,1,2038207.7,13.0122,80.3436,2026-09-23T15:14:27.972373,2026-09-23T15:50:27.972373,2026-09-23T15:50:27.972373,0.23402628070325246,0,2.1,0
SHP-1010,MMX-11031743,NODE-BEN-120,NODE-CUST-124,Bengaluru Major Hub 2,Bengaluru Zone 3 Retail Cluster,ROUTE-614,NODE-CUST-124,IN_TRANSIT,EXPRESS,FMCG,BlueDart Logistics,23.3,31.9,50.4,22.8,45.0,0.68,0.14,5,0.56,8,4,15,1,5,183981.22,13.0457,77.657,2026-09-22T15:14:27.972373,2026-09-22T15:56:27.972373,2026-09-22T16:02:27.972373,0.5331280021792982,1,11.5,1
SHP-1011,MMX-19673809,NODE-KOL-133,NODE-KOL-135,Kolkata Major Hub 1,Kolkata Major Hub 3,ROUTE-578,NODE-KOL-135,DELIVERED,STANDARD,PHARMA,Gati KWE,18.6,62.0,43.7,19.7,62.4,0.47,0.23,2,0.85,7,4,10,2,4,1525773.92,22.6054,88.2961,2026-09-23T10:14:27.972373,2026-09-23T10:32:27.972373,2026-09-23T10:38:27.972373,0.47182911535937694,1,4.8,1
SHP-1012,MMX-58567046,NODE-PORT-102,NODE-PORT-103,Chennai Port Trust,Syama Prasad Mookerjee Port,ROUTE-511,NODE-PORT-102,IN_TRANSIT,STANDARD,FMCG,MeetMux Express,1351.1,45.3,37.3,22.4,59.3,0.44,0.32,6,0.86,7,2,17,2,2,1244845.31,15.6401,82.4628,2026-09-23T17:14:27.972373,2026-09-24T17:50:27.972373,2026-09-25T01:44:27.972373,0.4197135123214872,0,4.7,0
SHP-1013,MMX-56892354,NODE-BEN-120,NODE-CUST-123,Bengaluru Major Hub 2,Bengaluru Zone 2 Retail Cluster,ROUTE-612,NODE-CUST-123,IN_TRANSIT,STANDARD,ELECTRONICS,Delhivery Prime,15.7,44.0,47.0,19.1,79.2,0.73,0.19,2,0.56,6,1,0,2,2,1555925.69,13.0386,77.4565,2026-09-23T00:14:27.972373,2026-09-23T00:44:27.972373,2026-09-23T00:50:27.972373,0.42859811357830174,0,3.7,0
SHP-1014,MMX-94183695,NODE-MUM-106,NODE-AHM-141,Mumbai Major Hub 2,Ahmedabad Major Hub 2,ROUTE-538,NODE-AHM-141,DELIVERED,STANDARD,PHARMA,Delhivery Prime,445.3,28.1,40.9,26.4,74.2,0.66,0.15,2,0.5,8,3,8,2,8,2059343.76,23.003,72.516,2026-09-23T08:14:27.972373,2026-09-23T16:20:27.972373,2026-09-23T17:32:27.972373,0.47433598776711017,1,5.7,1
SHP-1015,MMX-96525668,NODE-MUM-106,NODE-AHM-142,Mumbai Major Hub 2,Ahmedabad Major Hub 3,ROUTE-539,NODE-AHM-142,IN_TRANSIT,STANDARD,FMCG,MeetMux Express,435.4,45.8,53.9,29.1,66.6,0.4,0.33,1,0.5,5,3,16,1,8,160941.37,21.8771,72.706,2026-09-22T16:14:27.972373,2026-09-23T00:08:27.972373,2026-09-23T02:44:27.972373,0.3707541083743483,0,3.4,0
SHP-1016,MMX-21318464,NODE-PUN-162,NODE-CUST-164,Pune Major Hub 2,Pune Zone 1 Retail Cluster,ROUTE-658,NODE-PUN-162,IN_TRANSIT,CRITICAL_SLA,TEXTILES,Safexpress,20.4,41.1,52.4,31.4,73.3,0.13,0.19,5,0.73,4,2,9,2,8,1529033.54,18.5364,73.7902,2026-09-23T09:14:27.972373,2026-09-23T09:50:27.972373,2026-09-23T09:56:27.972373,0.3398856235379515,0,5.6,0
SHP-1017,MMX-18846539,NODE-MUM-107,NODE-PUN-161,Mumbai Major Hub 3,Pune Major Hub 1,ROUTE-545,NODE-PUN-161,IN_TRANSIT,STANDARD,ELECTRONICS,Delhivery Prime,110.0,58.9,64.7,25.3,67.4,0.41,0.14,3,0.55,7,3,9,2,6,2052748.28,18.7122,73.6091,2026-09-23T09:14:27.972373,2026-09-23T11:14:27.972373,2026-09-23T11:32:27.972373,0.37035844398327883,0,3.4,0
SHP-1018,MMX-27307598,NODE-PORT-104,NODE-AHM-142,Mundra Container Terminal,Ahmedabad Major Hub 3,ROUTE-525,NODE-AHM-142,IN_TRANSIT,CRITICAL_SLA,TEXTILES,Safexpress,298.2,41.3,42.6,29.9,83.4,0.61,0.28,2,0.71,6,0,13,2,3,2754402.04,22.9078,72.1072,2026-09-23T13:14:27.972373,2026-09-23T18:38:27.972373,2026-09-23T20:08:27.972373,0.4347123666297637,0,3.9,0
SHP-1019,MMX-38748452,NODE-PORT-104,NODE-MUM-105,Mundra Container Terminal,Bhiwandi Central Mega Hub (H04),ROUTE-522,NODE-PORT-104,AT_RISK,CRITICAL_SLA,AUTOMOTIVE,Delhivery Prime,535.1,40.7,58.7,29.4,70.2,0.8,0.12,6,0.71,9,0,23,1,7,1550041.03,21.3262,71.005,2026-09-22T23:14:27.972373,2026-09-23T08:56:27.972373,2026-09-23T10:08:27.972373,0.4610987962239394,1,4.0,1
SHP-1020,MMX-90161060,NODE-PORT-103,NODE-CUST-136,Syama Prasad Mookerjee Port,Kolkata Zone 1 Retail Cluster,ROUTE-625,NODE-CUST-136,DELIVERED,STANDARD,PHARMA,Gati KWE,14.0,75.0,39.6,22.1,75.5,0.53,0.14,5,0.68,9,0,20,1,6,2635358.68,22.4224,88.2722,2026-09-22T20:14:27.972373,2026-09-22T20:44:27.972373,2026-09-22T20:50:27.972373,0.3558848149332355,0,3.8,0
SHP-1021,MMX-70254091,NODE-MUM-106,NODE-PUN-161,Mumbai Major Hub 2,Pune Major Hub 1,ROUTE-540,NODE-PUN-161,DELIVERED,STANDARD,PHARMA,BlueDart Logistics,108.2,65.7,58.1,29.3,47.4,0.47,0.19,4,0.5,6,5,6,2,4,2910286.38,18.5882,73.891,2026-09-23T06:14:27.972373,2026-09-23T08:14:27.972373,2026-09-23T08:38:27.972373,0.5197824384460776,1,5.4,1
SHP-1022,MMX-66191704,NODE-PORT-104,NODE-CUST-145,Mundra Container Terminal,Ahmedabad Zone 3 Retail Cluster,ROUTE-637,NODE-CUST-145,DELIVERED,EXPRESS,PHARMA,BlueDart Logistics,288.1,73.1,58.5,30.7,48.7,0.68,0.12,5,0.71,8,3,21,2,5,2345465.91,23.1924,72.4892,2026-09-23T21:14:27.972373,2026-09-24T05:26:27.972373,2026-09-24T06:26:27.972373,0.4932111849756732,1,4.3,1
SHP-1023,MMX-29776801,NODE-DEL-112,NODE-JAI-149,Delhi NCR Major Hub 1,Jaipur Major Hub 3,ROUTE-552,NODE-DEL-112,AT_RISK,STANDARD,TEXTILES,Gati KWE,232.7,68.0,36.6,24.7,56.7,0.89,0.2,6,0.79,9,0,20,2,5,297431.62,28.0121,76.724,2026-09-23T20:14:27.972373,2026-09-24T00:26:27.972373,2026-09-24T01:14:27.972373,0.5363764102343962,1,6.4,1
SHP-1024,MMX-70549373,NODE-PORT-104,NODE-AHM-141,Mundra Container Terminal,Ahmedabad Major Hub 2,ROUTE-524,NODE-AHM-141,AT_RISK,CRITICAL_SLA,PHARMA,MeetMux Express,289.0,18.0,42.0,24.5,78.0,0.92,0.55,5,0.94,7,4,2,2,8,4500000.0,22.9724,71.988,2026-09-23T02:14:27.972373,2026-09-23T07:32:27.972373,2026-09-23T10:26:27.972373,0.7217625906893274,1,6.9,1
SHP-1025,MMX-28628439,NODE-PUN-161,NODE-PUN-162,Pune Major Hub 1,Pune Major Hub 2,ROUTE-590,NODE-PUN-161,IN_TRANSIT,EXPRESS,ELECTRONICS,MeetMux Express,2.7,22.9,50.1,21.3,84.8,0.42,0.09,1,0.42,6,0,18,2,6,2384572.88,18.5853,73.8876,2026-09-23T18:14:27.972373,2026-09-23T18:14:27.972373,2026-09-23T18:14:27.972373,0.35878086377374085,0,3.9,0
SHP-1026,MMX-16408822,NODE-PORT-102,NODE-CUST-131,Chennai Port Trust,Chennai Zone 3 Retail Cluster,ROUTE-621,NODE-PORT-102,IN_TRANSIT,CRITICAL_SLA,FMCG,MeetMux Express,15.7,20.3,37.4,21.6,77.6,0.57,0.12,6,0.86,10,4,19,1,7,378001.24,13.1013,80.3354,2026-09-22T19:14:27.972373,2026-09-22T19:44:27.972373,2026-09-22T19:50:27.972373,0.6250461294854932,1,6.0,1
SHP-1027,MMX-42287985,NODE-BEN-119,NODE-CHE-126,Bengaluru Major Hub 1,Chennai Major Hub 1,ROUTE-562,NODE-BEN-119,IN_TRANSIT,CRITICAL_SLA,FMCG,MeetMux Express,278.5,63.7,48.7,19.6,80.7,0.61,0.3,1,0.46,9,4,10,2,4,2169705.77,13.0687,78.8114,2026-09-23T10:14:27.972373,2026-09-23T15:20:27.972373,2026-09-23T16:50:27.972373,0.4439503211288849,0,4.4,0
SHP-1028,MMX-60103798,NODE-JAI-147,NODE-CUST-153,Jaipur Major Hub 1,Jaipur Zone 4 Retail Cluster,ROUTE-647,NODE-JAI-147,IN_TRANSIT,STANDARD,FMCG,MeetMux Express,35.0,56.5,37.6,31.6,43.0,0.55,0.19,5,0.66,9,4,12,2,1,1201838.51,26.8495,75.7766,2026-09-23T12:14:27.972373,2026-09-23T13:14:27.972373,2026-09-23T13:26:27.972373,0.47728490091728365,1,5.0,1
SHP-1029,MMX-72360629,NODE-BEN-119,NODE-HYD-154,Bengaluru Major Hub 1,Hyderabad Major Hub 1,ROUTE-565,NODE-HYD-154,IN_TRANSIT,STANDARD,INDUSTRIAL_EQUIPMENT,MeetMux Express,496.2,39.6,37.0,21.4,69.6,0.19,0.05,5,0.46,6,1,23,1,1,1089282.19,16.1506,78.1876,2026-09-22T23:14:27.972373,2026-09-23T08:14:27.972373,2026-09-23T08:44:27.972373,0.1964680655040598,0,1.9,0
SHP-1030,MMX-82884346,NODE-PORT-102,NODE-CUST-132,Chennai Port Trust,Chennai Zone 4 Retail Cluster,ROUTE-623,NODE-CUST-132,DELIVERED,STANDARD,INDUSTRIAL_EQUIPMENT,MeetMux Express,22.6,64.6,36.9,28.9,60.6,0.35,0.18,1,0.86,4,0,13,2,6,2803444.39,13.2452,80.4208,2026-09-23T13:14:27.972373,2026-09-23T13:50:27.972373,2026-09-23T13:56:27.972373,0.3619153125103362,0,3.3,0
SHP-1031,MMX-55504725,NODE-CHE-126,NODE-CUST-131,Chennai Major Hub 1,Chennai Zone 3 Retail Cluster,ROUTE-622,NODE-CUST-131,DELAYED,STANDARD,AUTOMOTIVE,MeetMux Express,22.8,61.4,40.7,23.0,75.1,0.84,0.14,3,0.63,5,0,12,2,6,1339006.58,13.1507,80.3589,2026-09-23T12:14:27.972373,2026-09-23T12:56:27.972373,2026-09-23T13:02:27.972373,0.4344146693885302,0,6.1,0
SHP-1032,MMX-98707076,NODE-DEL-112,NODE-DEL-113,Delhi NCR Major Hub 1,Okhla Fulfilment Center (H02),ROUTE-548,NODE-DEL-112,IN_TRANSIT,CRITICAL_SLA,FMCG,MeetMux Express,10.7,47.4,62.7,25.3,76.1,0.72,0.16,1,0.79,7,4,8,2,3,1659149.47,28.5635,77.2193,2026-09-23T08:14:27.972373,2026-09-23T08:26:27.972373,2026-09-23T08:26:27.972373,0.6151139092254468,1,8.7,1
SHP-1033,MMX-58762794,NODE-CHE-127,NODE-CHE-128,Chennai Major Hub 2,Chennai Major Hub 3,ROUTE-576,NODE-CHE-127,IN_TRANSIT,EXPRESS,AUTOMOTIVE,MeetMux Express,15.0,53.1,47.8,27.7,55.8,0.14,0.18,3,0.47,10,3,13,2,5,1936434.47,13.0662,80.348,2026-09-23T13:14:27.972373,2026-09-23T13:32:27.972373,2026-09-23T13:38:27.972373,0.36082513876310335,0,3.6,0
SHP-1034,MMX-91214453,NODE-KOL-133,NODE-CUST-139,Kolkata Major Hub 1,Kolkata Zone 4 Retail Cluster,ROUTE-632,NODE-CUST-139,DELIVERED,CRITICAL_SLA,INDUSTRIAL_EQUIPMENT,MeetMux Express,13.6,28.8,35.9,29.9,70.5,0.47,0.08,2,0.85,2,1,14,1,6,1118344.22,22.5216,88.3328,2026-09-22T14:14:27.972373,2026-09-22T14:44:27.972373,2026-09-22T14:44:27.972373,0.39611445355220504,0,3.7,0
SHP-1035,MMX-76980546,NODE-MUM-106,NODE-PUN-161,Mumbai Major Hub 2,Pune Major Hub 1,ROUTE-540,NODE-MUM-106,IN_TRANSIT,EXPRESS,INDUSTRIAL_EQUIPMENT,MeetMux Express,108.2,72.2,46.2,28.7,65.8,0.55,0.19,4,0.5,6,5,23,1,5,786354.38,18.9478,73.1249,2026-09-22T23:14:27.972373,2026-09-23T01:14:27.972373,2026-09-23T01:38:27.972373,0.5196272456051594,1,5.7,1
SHP-1036,MMX-21783073,NODE-PORT-104,NODE-CUST-143,Mundra Container Terminal,Ahmedabad Zone 1 Retail Cluster,ROUTE-633,NODE-PORT-104,IN_TRANSIT,CRITICAL_SLA,FMCG,MeetMux Express,311.5,26.5,58.2,27.9,49.7,0.62,0.14,6,0.71,8,1,16,2,2,450398.83,23.0017,71.1089,2026-09-23T16:14:27.972373,2026-09-24T01:08:27.972373,2026-09-24T02:20:27.972373,0.41645781750144895,0,4.2,0
SHP-1037,MMX-76306502,NODE-AHM-140,NODE-PUN-161,Ahmedabad Major Hub 1,Pune Major Hub 1,ROUTE-582,NODE-PUN-161,IN_TRANSIT,EXPRESS,INDUSTRIAL_EQUIPMENT,MeetMux Express,522.6,59.0,51.5,22.1,53.5,0.23,0.28,6,0.43,3,2,3,2,9,711512.76,19.921,73.4721,2026-09-23T03:14:27.972373,2026-09-23T12:44:27.972373,2026-09-23T15:26:27.972373,0.3804431797502379,0,3.3,0
SHP-1038,MMX-26821075,NODE-PORT-101,NODE-HYD-154,JNPT Nhava Sheva Port,Hyderabad Major Hub 1,ROUTE-507,NODE-HYD-154,DELAYED,CRITICAL_SLA,AUTOMOTIVE,MeetMux Express,600.9,51.5,49.0,31.8,45.8,0.85,0.23,1,0.66,5,3,16,1,8,1600802.18,17.8144,76.9048,2026-09-22T16:14:27.972373,2026-09-23T03:08:27.972373,2026-09-23T05:38:27.972373,0.47551649380601135,1,4.2,1
SHP-1039,MMX-30537388,NODE-AHM-140,NODE-PUN-161,Ahmedabad Major Hub 1,Pune Major Hub 1,ROUTE-582,NODE-PUN-161,AT_RISK,STANDARD,INDUSTRIAL_EQUIPMENT,MeetMux Express,522.6,44.7,55.4,22.8,79.5,0.76,0.28,6,0.43,10,1,21,2,3,1326223.95,19.7968,73.5111,2026-09-23T21:14:27.972373,2026-09-24T06:44:27.972373,2026-09-24T09:26:27.972373,0.4000906975550785,0,4.9,0
SHP-1040,MMX-22539748,NODE-KOL-133,NODE-KOL-135,Kolkata Major Hub 1,Kolkata Major Hub 3,ROUTE-578,NODE-KOL-133,IN_TRANSIT,STANDARD,PHARMA,MeetMux Express,18.6,37.7,56.3,22.8,82.3,0.86,0.23,1,0.85,5,1,22,2,9,859630.55,22.5643,88.4031,2026-09-23T22:14:27.972373,2026-09-23T22:32:27.972373,2026-09-23T22:38:27.972373,0.5863430617934562,1,6.3,1
SHP-1041,MMX-97393186,NODE-PORT-103,NODE-CUST-138,Syama Prasad Mookerjee Port,Kolkata Zone 3 Retail Cluster,ROUTE-629,NODE-CUST-138,IN_TRANSIT,STANDARD,INDUSTRIAL_EQUIPMENT,MeetMux Express,21.4,52.5,52.4,20.4,68.1,0.87,0.08,3,0.68,10,0,4,2,1,289607.42,22.6312,88.4245,2026-09-23T04:14:27.972373,2026-09-23T04:50:27.972373,2026-09-23T04:50:27.972373,0.4844233289997706,1,4.2,1
SHP-1042,MMX-92961108,NODE-DEL-113,NODE-JAI-147,Okhla Fulfilment Center (H02),Jaipur Major Hub 1,ROUTE-554,NODE-JAI-147,DELAYED,CRITICAL_SLA,ELECTRONICS,BlueDart Logistics,240.8,22.0,50.0,28.0,65.0,0.84,0.42,4,0.89,5,3,14,2,6,2800000.0,27.3596,76.1777,2026-09-23T14:14:27.972373,2026-09-23T18:38:27.972373,2026-09-23T20:26:27.972373,0.6880684140594985,1,6.1,1
SHP-1043,MMX-74995086,NODE-PUN-162,NODE-CUST-167,Pune Major Hub 2,Pune Zone 4 Retail Cluster,ROUTE-664,NODE-PUN-162,IN_TRANSIT,EXPRESS,ELECTRONICS,BlueDart Logistics,15.7,68.9,51.4,27.0,53.6,0.31,0.2,6,0.73,7,2,14,2,8,265270.43,18.5972,73.8439,2026-09-23T14:14:27.972373,2026-09-23T14:44:27.972373,2026-09-23T14:50:27.972373,0.43321758588058795,0,4.0,0
SHP-1044,MMX-45899440,NODE-PORT-102,NODE-CUST-130,Chennai Port Trust,Chennai Zone 2 Retail Cluster,ROUTE-619,NODE-PORT-102,DELAYED,EXPRESS,PHARMA,BlueDart Logistics,19.9,53.4,44.4,28.1,73.0,0.83,0.13,4,0.86,3,2,19,1,9,1706871.09,13.1189,80.3393,2026-09-22T19:14:27.972373,2026-09-22T19:50:27.972373,2026-09-22T19:56:27.972373,0.5394448152205356,1,5.9,1
SHP-1045,MMX-72654864,NODE-BEN-120,NODE-CUST-125,Bengaluru Major Hub 2,Bengaluru Zone 4 Retail Cluster,ROUTE-616,NODE-BEN-120,IN_TRANSIT,STANDARD,PHARMA,BlueDart Logistics,15.6,25.3,43.7,23.4,67.7,0.31,0.11,2,0.56,6,4,20,2,6,610010.6,12.9131,77.4566,2026-09-23T20:14:27.972373,2026-09-23T20:44:27.972373,2026-09-23T20:50:27.972373,0.38957390048162865,0,3.3,0
SHP-1046,MMX-48352498,NODE-KOL-133,NODE-CUST-137,Kolkata Major Hub 1,Kolkata Zone 2 Retail Cluster,ROUTE-628,NODE-CUST-137,DELIVERED,EXPRESS,AUTOMOTIVE,BlueDart Logistics,12.1,21.3,63.4,25.1,83.5,0.28,0.2,3,0.85,1,0,18,2,5,1509937.9,22.4439,88.5163,2026-09-23T18:14:27.972373,2026-09-23T18:44:27.972373,2026-09-23T18:50:27.972373,0.34950778958026457,0,3.1,0
SHP-1047,MMX-19869264,NODE-AHM-140,NODE-CUST-145,Ahmedabad Major Hub 1,Ahmedabad Zone 3 Retail Cluster,ROUTE-638,NODE-CUST-145,DELIVERED,STANDARD,ELECTRONICS,BlueDart Logistics,10.7,43.7,61.5,28.2,74.4,0.41,0.08,4,0.43,1,4,6,2,9,624233.14,23.1924,72.4892,2026-09-23T06:14:27.972373,2026-09-23T06:44:27.972373,2026-09-23T06:44:27.972373,0.37596806145201067,0,5.1,0
SHP-1048,MMX-90861208,NODE-PORT-101,NODE-CUST-111,JNPT Nhava Sheva Port,Mumbai Zone 4 Retail Cluster,ROUTE-599,NODE-CUST-111,IN_TRANSIT,EXPRESS,TEXTILES,BlueDart Logistics,18.0,62.0,43.4,31.8,70.6,0.2,0.09,1,0.66,7,2,0,2,6,1695603.92,18.9276,72.8364,2026-09-23T00:14:27.972373,2026-09-23T00:44:27.972373,2026-09-23T00:44:27.972373,0.40785611131094585,0,3.7,0
SHP-1049,MMX-31810655,NODE-PORT-103,NODE-CUST-139,Syama Prasad Mookerjee Port,Kolkata Zone 4 Retail Cluster,ROUTE-631,NODE-CUST-139,DELIVERED,CRITICAL_SLA,FMCG,BlueDart Logistics,5.0,22.2,36.2,28.0,76.2,0.54,0.16,2,0.68,10,4,8,2,3,1017499.25,22.5216,88.3328,2026-09-23T08:14:27.972373,2026-09-23T08:44:27.972373,2026-09-23T08:50:27.972373,0.5621809144784231,1,6.0,1
SHP-1050,MMX-65907088,NODE-DEL-112,NODE-CUST-115,Delhi NCR Major Hub 1,Delhi NCR Zone 1 Retail Cluster,ROUTE-601,NODE-CUST-115,DELIVERED,CRITICAL_SLA,TEXTILES,BlueDart Logistics,11.6,66.3,52.8,25.1,62.9,0.52,0.09,5,0.79,5,3,19,1,1,1136655.54,28.5334,77.3579,2026-09-22T19:14:27.972373,2026-09-22T19:44:27.972373,2026-09-22T19:44:27.972373,0.31034799223186327,0,3.0,0
SHP-1051,MMX-29834119,NODE-HYD-155,NODE-CUST-157,Hyderabad Major Hub 2,Hyderabad Zone 1 Retail Cluster,ROUTE-650,NODE-CUST-157,IN_TRANSIT,CRITICAL_SLA,AUTOMOTIVE,BlueDart Logistics,26.3,68.0,53.9,26.4,51.9,0.66,0.06,5,0.8,10,1,12,2,1,1771393.67,17.4371,78.4075,2026-09-23T12:14:27.972373,2026-09-23T13:02:27.972373,2026-09-23T13:02:27.972373,0.44520419846973985,0,3.9,0
SHP-1052,MMX-28533117,NODE-BEN-119,NODE-CHE-127,Bengaluru Major Hub 1,Chennai Major Hub 2,ROUTE-563,NODE-CHE-127,IN_TRANSIT,CRITICAL_SLA,ELECTRONICS,BlueDart Logistics,291.0,72.2,38.3,18.3,54.1,0.23,0.05,6,0.46,4,3,15,1,9,2336168.29,13.0659,79.6988,2026-09-22T15:14:27.972373,2026-09-22T20:32:27.972373,2026-09-22T20:50:27.972373,0.3372458859791842,0,3.2,0
SHP-1053,MMX-91883092,NODE-PORT-104,NODE-CUST-143,Mundra Container Terminal,Ahmedabad Zone 1 Retail Cluster,ROUTE-633,NODE-CUST-143,DELIVERED,CRITICAL_SLA,PHARMA,BlueDart Logistics,311.5,37.9,54.9,25.4,54.1,0.25,0.14,5,0.71,6,4,4,2,6,2043812.3,23.1866,72.7206,2026-09-23T04:14:27.972373,2026-09-23T13:08:27.972373,2026-09-23T14:20:27.972373,0.3831538999847021,0,4.8,0
SHP-1054,MMX-48626436,NODE-CHE-126,NODE-CUST-132,Chennai Major Hub 1,Chennai Zone 4 Retail Cluster,ROUTE-624,NODE-CUST-132,DELAYED,STANDARD,PHARMA,BlueDart Logistics,23.1,35.3,44.0,31.2,84.2,0.76,0.05,6,0.63,4,5,5,2,8,985270.2,13.2132,80.329,2026-09-23T05:14:27.972373,2026-09-23T05:56:27.972373,2026-09-23T05:56:27.972373,0.5730838144420434,1,7.2,1
SHP-1055,MMX-98043078,NODE-MUM-105,NODE-AHM-141,Bhiwandi Central Mega Hub (H04),Ahmedabad Major Hub 2,ROUTE-532,NODE-MUM-105,AT_RISK,CRITICAL_SLA,TEXTILES,BlueDart Logistics,437.1,49.9,61.9,23.5,55.5,0.76,0.25,2,0.94,5,0,16,2,5,2868175.47,20.6265,72.7686,2026-09-23T16:14:27.972373,2026-09-24T00:08:27.972373,2026-09-24T02:08:27.972373,0.5525499761247975,1,6.8,1
SHP-1056,MMX-40289135,NODE-BEN-119,NODE-PUN-161,Bengaluru Major Hub 1,Pune Major Hub 1,ROUTE-566,NODE-PUN-161,DELIVERED,EXPRESS,INDUSTRIAL_EQUIPMENT,BlueDart Logistics,742.2,31.8,59.8,21.8,65.3,0.33,0.07,1,0.46,10,5,21,2,4,765251.21,18.5882,73.891,2026-09-23T21:14:27.972373,2026-09-24T10:44:27.972373,2026-09-24T11:38:27.972373,0.46006400595581,1,4.5,1
SHP-1057,MMX-53106399,NODE-PUN-162,NODE-CUST-167,Pune Major Hub 2,Pune Zone 4 Retail Cluster,ROUTE-664,NODE-CUST-167,IN_TRANSIT,STANDARD,PHARMA,BlueDart Logistics,15.7,25.5,44.9,24.6,70.7,0.22,0.2,5,0.73,3,3,6,2,8,1458473.14,18.6381,73.799,2026-09-23T06:14:27.972373,2026-09-23T06:44:27.972373,2026-09-23T06:50:27.972373,0.4225391238388681,0,4.9,0
SHP-1058,MMX-76489301,NODE-CHE-126,NODE-CHE-127,Chennai Major Hub 1,Chennai Major Hub 2,ROUTE-574,NODE-CHE-127,IN_TRANSIT,STANDARD,INDUSTRIAL_EQUIPMENT,BlueDart Logistics,15.9,69.9,37.7,26.0,64.1,0.71,0.26,1,0.63,3,3,13,2,3,2805071.7,13.1051,80.3221,2026-09-23T13:14:27.972373,2026-09-23T13:32:27.972373,2026-09-23T13:38:27.972373,0.44853938120743925,0,4.1,0
SHP-1059,MMX-46619573,NODE-DEL-112,NODE-DEL-113,Delhi NCR Major Hub 1,Okhla Fulfilment Center (H02),ROUTE-548,NODE-DEL-113,AT_RISK,EXPRESS,INDUSTRIAL_EQUIPMENT,BlueDart Logistics,10.7,68.2,35.3,26.0,44.8,0.94,0.16,3,0.79,8,5,17,2,9,1596739.68,28.5756,77.1635,2026-09-23T17:14:27.972373,2026-09-23T17:26:27.972373,2026-09-23T17:26:27.972373,0.6940631715701782,1,6.3,1
SHP-1060,MMX-67405358,NODE-DEL-112,NODE-JAI-147,Delhi NCR Major Hub 1,Jaipur Major Hub 1,ROUTE-550,NODE-JAI-147,DELIVERED,EXPRESS,ELECTRONICS,BlueDart Logistics,244.9,28.9,48.8,21.6,48.4,0.73,0.15,3,0.79,10,5,13,2,4,567710.0,26.8026,75.7407,2026-09-23T13:14:27.972373,2026-09-23T17:44:27.972373,2026-09-23T18:26:27.972373,0.6877772563561179,1,8.6,1
SHP-1061,MMX-88176558,NODE-KOL-133,NODE-CUST-139,Kolkata Major Hub 1,Kolkata Zone 4 Retail Cluster,ROUTE-632,NODE-CUST-139,DELAYED,STANDARD,AUTOMOTIVE,BlueDart Logistics,13.6,42.0,37.9,31.7,61.5,0.9,0.08,1,0.85,5,3,7,2,4,1367869.79,22.5251,88.3567,2026-09-23T07:14:27.972373,2026-09-23T07:44:27.972373,2026-09-23T07:44:27.972373,0.5125412881077355,1,4.4,1
SHP-1062,MMX-59330907,NODE-JAI-147,NODE-CUST-153,Jaipur Major Hub 1,Jaipur Zone 4 Retail Cluster,ROUTE-647,NODE-CUST-153,DELIVERED,EXPRESS,ELECTRONICS,BlueDart Logistics,35.0,56.0,55.8,18.9,45.3,0.36,0.19,4,0.66,9,5,6,2,5,2086356.61,27.0626,75.9398,2026-09-23T06:14:27.972373,2026-09-23T07:14:27.972373,2026-09-23T07:26:27.972373,0.4697170511668092,1,4.1,1
SHP-1063,MMX-80532309,NODE-PUN-162,NODE-CUST-164,Pune Major Hub 2,Pune Zone 1 Retail Cluster,ROUTE-658,NODE-CUST-164,IN_TRANSIT,STANDARD,PHARMA,BlueDart Logistics,20.4,72.7,49.3,24.4,84.5,0.42,0.19,6,0.73,9,3,17,1,9,2415885.23,18.5199,73.7519,2026-09-22T17:14:27.972373,2026-09-22T17:50:27.972373,2026-09-22T17:56:27.972373,0.45718325129969856,1,4.2,1
SHP-1064,MMX-88268756,NODE-BEN-119,NODE-CUST-125,Bengaluru Major Hub 1,Bengaluru Zone 4 Retail Cluster,ROUTE-615,NODE-BEN-119,IN_TRANSIT,CRITICAL_SLA,TEXTILES,BlueDart Logistics,29.3,39.9,62.5,19.6,77.3,0.87,0.16,2,0.46,10,4,1,2,3,535384.61,12.9219,77.5481,2026-09-23T01:14:27.972373,2026-09-23T02:02:27.972373,2026-09-23T02:08:27.972373,0.4746896687959664,1,4.1,1
SHP-1065,MMX-39246218,NODE-KOL-133,NODE-CUST-136,Kolkata Major Hub 1,Kolkata Zone 1 Retail Cluster,ROUTE-626,NODE-KOL-133,IN_TRANSIT,CRITICAL_SLA,ELECTRONICS,BlueDart Logistics,23.7,44.5,36.7,19.8,58.7,0.58,0.18,5,0.85,8,5,12,1,5,2183676.24,22.5021,88.4009,2026-09-22T12:14:27.972373,2026-09-22T12:56:27.972373,2026-09-22T13:02:27.972373,0.5931262911197099,1,5.3,1
SHP-1066,MMX-60259293,NODE-HYD-154,NODE-CUST-157,Hyderabad Major Hub 1,Hyderabad Zone 1 Retail Cluster,ROUTE-649,NODE-CUST-157,AT_RISK,STANDARD,ELECTRONICS,BlueDart Logistics,17.4,43.3,56.0,25.6,42.7,0.86,0.06,4,0.43,1,2,14,2,7,580944.91,17.4891,78.3627,2026-09-23T14:14:27.972373,2026-09-23T14:44:27.972373,2026-09-23T14:44:27.972373,0.5113120014285412,1,5.4,1
SHP-1067,MMX-10466177,NODE-MUM-105,NODE-CUST-110,Bhiwandi Central Mega Hub (H04),Mumbai Zone 3 Retail Cluster,ROUTE-598,NODE-CUST-110,IN_TRANSIT,EXPRESS,FMCG,BlueDart Logistics,11.2,40.7,55.5,27.3,64.3,0.66,0.09,3,0.94,2,1,2,2,9,1209522.96,19.1573,72.9235,2026-09-23T02:14:27.972373,2026-09-23T02:44:27.972373,2026-09-23T02:44:27.972373,0.4843994939209833,1,4.8,1
SHP-1068,MMX-14324134,NODE-PORT-101,NODE-AHM-142,JNPT Nhava Sheva Port,Ahmedabad Major Hub 3,ROUTE-506,NODE-AHM-142,DELIVERED,EXPRESS,AUTOMOTIVE,BlueDart Logistics,443.1,57.0,51.3,25.4,77.1,0.31,0.33,3,0.66,3,2,19,1,4,2815360.57,22.922,72.6094,2026-09-22T19:14:27.972373,2026-09-23T03:20:27.972373,2026-09-23T06:02:27.972373,0.4246766448946013,0,6.3,0
SHP-1069,MMX-28808678,NODE-DEL-113,NODE-CUST-118,Okhla Fulfilment Center (H02),Delhi NCR Zone 4 Retail Cluster,ROUTE-608,NODE-CUST-118,IN_TRANSIT,STANDARD,TEXTILES,BlueDart Logistics,10.4,33.2,37.0,26.3,60.1,0.67,0.12,1,0.89,4,5,15,1,1,1236682.78,28.5455,77.1746,2026-09-22T15:14:27.972373,2026-09-22T15:44:27.972373,2026-09-22T15:50:27.972373,0.5070818012523818,1,6.4,1
SHP-1070,MMX-65507111,NODE-PORT-103,NODE-CUST-138,Syama Prasad Mookerjee Port,Kolkata Zone 3 Retail Cluster,ROUTE-629,NODE-CUST-138,DELIVERED,STANDARD,AUTOMOTIVE,BlueDart Logistics,21.4,64.9,56.9,22.5,66.9,0.67,0.08,3,0.68,4,2,2,2,3,2957801.9,22.6722,88.4715,2026-09-23T02:14:27.972373,2026-09-23T02:50:27.972373,2026-09-23T02:50:27.972373,0.38124401226974375,0,3.7,0
SHP-1071,MMX-80392240,NODE-KOL-133,NODE-KOL-134,Kolkata Major Hub 1,Kolkata Major Hub 2,ROUTE-577,NODE-KOL-134,DELIVERED,STANDARD,AUTOMOTIVE,BlueDart Logistics,8.1,50.6,52.8,28.3,47.9,0.68,0.3,5,0.85,8,0,12,2,6,2827679.91,22.5321,88.386,2026-09-23T12:14:27.972373,2026-09-23T12:20:27.972373,2026-09-23T12:20:27.972373,0.5315697802754208,1,4.9,1
SHP-1072,MMX-84797762,NODE-AHM-140,NODE-PUN-161,Ahmedabad Major Hub 1,Pune Major Hub 1,ROUTE-582,NODE-PUN-161,IN_TRANSIT,EXPRESS,INDUSTRIAL_EQUIPMENT,BlueDart Logistics,522.6,42.5,44.0,20.6,64.2,0.3,0.28,2,0.43,5,5,14,2,3,2427039.67,20.646,73.2442,2026-09-23T14:14:27.972373,2026-09-23T23:44:27.972373,2026-09-24T02:26:27.972373,0.46840182832329846,1,4.6,1
SHP-1073,MMX-19768947,NODE-AHM-140,NODE-CUST-144,Ahmedabad Major Hub 1,Ahmedabad Zone 2 Retail Cluster,ROUTE-636,NODE-CUST-144,DELAYED,EXPRESS,PHARMA,BlueDart Logistics,24.8,33.4,41.1,27.1,81.5,0.82,0.16,1,0.43,9,5,14,1,4,202033.06,23.0469,72.6137,2026-09-22T14:14:27.972373,2026-09-22T14:56:27.972373,2026-09-22T15:02:27.972373,0.5397086980445025,1,5.7,1
SHP-1074,MMX-63235053,NODE-DEL-112,NODE-DEL-114,Delhi NCR Major Hub 1,Delhi NCR Major Hub 3,ROUTE-549,NODE-DEL-114,IN_TRANSIT,CRITICAL_SLA,TEXTILES,BlueDart Logistics,11.9,56.9,41.5,20.9,80.8,0.36,0.27,1,0.79,4,1,1,2,2,2253293.72,28.609,77.1657,2026-09-23T01:14:27.972373,2026-09-23T01:26:27.972373,2026-09-23T01:32:27.972373,0.43673218279070036,0,4.1,0
SHP-1075,MMX-52980983,NODE-BEN-119,NODE-CHE-126,Bengaluru Major Hub 1,Chennai Major Hub 1,ROUTE-562,NODE-CHE-126,DELIVERED,EXPRESS,TEXTILES,BlueDart Logistics,278.5,62.7,46.4,25.5,56.2,0.32,0.3,5,0.46,8,3,18,2,2,2418309.03,13.1753,80.2203,2026-09-23T18:14:27.972373,2026-09-23T23:20:27.972373,2026-09-24T00:50:27.972373,0.24601274479551283,0,3.3,0
SHP-1076,MMX-86475853,NODE-DEL-113,NODE-DEL-114,Okhla Fulfilment Center (H02),Delhi NCR Major Hub 3,ROUTE-553,NODE-DEL-113,IN_TRANSIT,EXPRESS,AUTOMOTIVE,BlueDart Logistics,4.6,42.8,51.9,21.1,46.6,0.32,0.31,5,0.89,10,5,12,2,7,920817.25,28.597,77.1398,2026-09-23T12:14:27.972373,2026-09-23T12:20:27.972373,2026-09-23T12:20:27.972373,0.6005951252187612,1,5.7,1
SHP-1077,MMX-75540707,NODE-BEN-119,NODE-CHE-127,Bengaluru Major Hub 1,Chennai Major Hub 2,ROUTE-563,NODE-BEN-119,DELAYED,CRITICAL_SLA,FMCG,BlueDart Logistics,291.0,56.0,55.5,21.6,77.0,0.92,0.05,6,0.46,8,3,22,2,3,2211678.1,13.0112,78.377,2026-09-23T22:14:27.972373,2026-09-24T03:32:27.972373,2026-09-24T03:50:27.972373,0.4933523534119086,1,5.2,1
SHP-1078,MMX-11226946,NODE-DEL-112,NODE-DEL-113,Delhi NCR Major Hub 1,Okhla Fulfilment Center (H02),ROUTE-548,NODE-DEL-112,AT_RISK,CRITICAL_SLA,TEXTILES,BlueDart Logistics,10.7,72.6,50.7,29.7,43.3,0.8,0.16,1,0.79,1,3,21,1,3,2535506.91,28.5629,77.2219,2026-09-22T21:14:27.972373,2026-09-22T21:26:27.972373,2026-09-22T21:26:27.972373,0.45954963247670666,1,4.6,1
SHP-1079,MMX-81905550,NODE-DEL-113,NODE-JAI-149,Okhla Fulfilment Center (H02),Jaipur Major Hub 3,ROUTE-556,NODE-DEL-113,IN_TRANSIT,EXPRESS,TEXTILES,BlueDart Logistics,228.1,40.5,53.5,27.3,67.7,0.51,0.06,4,0.89,1,0,5,2,9,1677348.5,28.3186,76.9075,2026-09-23T05:14:27.972373,2026-09-23T09:20:27.972373,2026-09-23T09:32:27.972373,0.41358803882677514,0,3.9,0
SHP-1080,MMX-57572279,NODE-CHE-126,NODE-CHE-127,Chennai Major Hub 1,Chennai Major Hub 2,ROUTE-574,NODE-CHE-127,DELIVERED,CRITICAL_SLA,ELECTRONICS,BlueDart Logistics,15.9,64.7,55.2,29.3,80.9,0.19,0.26,1,0.63,9,1,4,2,4,616199.57,13.0925,80.3404,2026-09-23T04:14:27.972373,2026-09-23T04:32:27.972373,2026-09-23T04:38:27.972373,0.25462155426995536,0,5.7,0
SHP-1081,MMX-17531619,NODE-BEN-120,NODE-CHE-127,Bengaluru Major Hub 2,Chennai Major Hub 2,ROUTE-569,NODE-BEN-120,IN_TRANSIT,STANDARD,FMCG,BlueDart Logistics,308.8,40.5,47.2,25.9,84.6,0.29,0.28,6,0.56,2,5,18,2,1,325826.49,13.0231,78.6715,2026-09-23T18:14:27.972373,2026-09-23T23:50:27.972373,2026-09-24T01:26:27.972373,0.34951640560812447,0,4.7,0
SHP-1082,MMX-73820568,NODE-PUN-162,NODE-CUST-167,Pune Major Hub 2,Pune Zone 4 Retail Cluster,ROUTE-664,NODE-CUST-167,DELIVERED,CRITICAL_SLA,ELECTRONICS,BlueDart Logistics,15.7,29.4,50.0,24.1,75.3,0.58,0.2,1,0.73,9,0,0,3,4,673680.31,18.6694,73.7646,2026-09-24T00:14:27.972373,2026-09-24T00:44:27.972373,2026-09-24T00:50:27.972373,0.5123556285755874,1,4.5,1
SHP-1083,MMX-20326375,NODE-BEN-120,NODE-CHE-128,Bengaluru Major Hub 2,Chennai Major Hub 3,ROUTE-570,NODE-CHE-128,DELIVERED,STANDARD,ELECTRONICS,BlueDart Logistics,312.7,57.6,43.4,25.6,69.6,0.25,0.16,3,0.56,1,1,13,2,3,2269150.69,12.9626,80.378,2026-09-23T13:14:27.972373,2026-09-23T18:56:27.972373,2026-09-23T19:50:27.972373,0.3363947022370758,0,5.3,0
SHP-1084,MMX-41157840,NODE-KOL-133,NODE-KOL-134,Kolkata Major Hub 1,Kolkata Major Hub 2,ROUTE-577,NODE-KOL-133,IN_TRANSIT,CRITICAL_SLA,PHARMA,BlueDart Logistics,8.1,33.2,60.0,23.4,80.3,0.38,0.3,6,0.85,3,5,15,2,2,1527338.91,22.5393,88.4492,2026-09-23T15:14:27.972373,2026-09-23T15:20:27.972373,2026-09-23T15:20:27.972373,0.42458648908631763,0,4.4,0
SHP-1085,MMX-21501669,NODE-PORT-103,NODE-KOL-134,Syama Prasad Mookerjee Port,Kolkata Major Hub 2,ROUTE-520,NODE-PORT-103,IN_TRANSIT,CRITICAL_SLA,AUTOMOTIVE,BlueDart Logistics,6.8,62.3,63.6,23.6,74.8,0.13,0.12,3,0.68,8,3,12,2,4,1099643.03,22.5364,88.3499,2026-09-23T12:14:27.972373,2026-09-23T12:20:27.972373,2026-09-23T12:20:27.972373,0.31007531985534065,0,5.3,0
SHP-1086,MMX-58307308,NODE-PUN-161,NODE-CUST-165,Pune Major Hub 1,Pune Zone 2 Retail Cluster,ROUTE-659,NODE-CUST-165,IN_TRANSIT,STANDARD,AUTOMOTIVE,BlueDart Logistics,16.4,59.2,37.5,20.2,72.0,0.64,0.14,6,0.42,7,2,16,2,6,364325.21,18.6464,73.781,2026-09-23T16:14:27.972373,2026-09-23T16:44:27.972373,2026-09-23T16:50:27.972373,0.4139121478207732,0,5.4,0
SHP-1087,MMX-49171088,NODE-BEN-120,NODE-CHE-128,Bengaluru Major Hub 2,Chennai Major Hub 3,ROUTE-570,NODE-CHE-128,IN_TRANSIT,STANDARD,ELECTRONICS,BlueDart Logistics,312.7,24.8,47.9,25.8,63.1,0.19,0.16,1,0.56,6,4,12,1,2,1810927.44,12.9654,79.6699,2026-09-22T12:14:27.972373,2026-09-22T17:56:27.972373,2026-09-22T18:50:27.972373,0.44127010588510374,0,4.4,0
SHP-1088,MMX-32442197,NODE-DEL-113,NODE-CUST-117,Okhla Fulfilment Center (H02),Delhi NCR Zone 3 Retail Cluster,ROUTE-606,NODE-DEL-113,IN_TRANSIT,STANDARD,FMCG,BlueDart Logistics,7.7,59.9,51.8,31.9,50.9,0.54,0.12,6,0.89,7,1,16,1,3,843310.94,28.5804,77.0972,2026-09-22T16:14:27.972373,2026-09-22T16:44:27.972373,2026-09-22T16:50:27.972373,0.4409375554829842,0,3.8,0
SHP-1089,MMX-54589439,NODE-BEN-120,NODE-CUST-123,Bengaluru Major Hub 2,Bengaluru Zone 2 Retail Cluster,ROUTE-612,NODE-BEN-120,IN_TRANSIT,EXPRESS,AUTOMOTIVE,BlueDart Logistics,15.7,36.5,58.5,23.1,82.5,0.71,0.19,4,0.56,10,4,13,2,4,1400691.82,13.019,77.4673,2026-09-23T13:14:27.972373,2026-09-23T13:44:27.972373,2026-09-23T13:50:27.972373,0.5010119898116481,1,4.6,1
SHP-1090,MMX-49117508,NODE-PUN-161,NODE-CUST-165,Pune Major Hub 1,Pune Zone 2 Retail Cluster,ROUTE-659,NODE-CUST-165,IN_TRANSIT,EXPRESS,FMCG,BlueDart Logistics,16.4,44.2,47.9,29.5,69.3,0.61,0.14,3,0.42,6,4,8,2,4,1463078.74,18.6474,73.7789,2026-09-23T08:14:27.972373,2026-09-23T08:44:27.972373,2026-09-23T08:50:27.972373,0.4651633716556678,1,4.9,1
SHP-1091,MMX-71957885,NODE-PUN-161,NODE-CUST-167,Pune Major Hub 1,Pune Zone 4 Retail Cluster,ROUTE-663,NODE-CUST-167,DELIVERED,CRITICAL_SLA,FMCG,BlueDart Logistics,16.1,63.0,44.8,21.9,75.4,0.41,0.17,5,0.42,4,4,13,1,9,580785.28,18.6694,73.7646,2026-09-22T13:14:27.972373,2026-09-22T13:44:27.972373,2026-09-22T13:50:27.972373,0.444353877467402,0,5.0,0
SHP-1092,MMX-60598851,NODE-DEL-113,NODE-JAI-147,Okhla Fulfilment Center (H02),Jaipur Major Hub 1,ROUTE-554,NODE-JAI-147,DELIVERED,EXPRESS,FMCG,BlueDart Logistics,240.8,65.7,37.1,29.9,75.8,0.67,0.11,2,0.89,5,1,15,2,5,1993055.76,26.8026,75.7407,2026-09-23T15:14:27.972373,2026-09-23T19:38:27.972373,2026-09-23T20:08:27.972373,0.5114322495266445,1,4.7,1
SHP-1093,MMX-98261798,NODE-PORT-103,NODE-KOL-133,Syama Prasad Mookerjee Port,Kolkata Major Hub 1,ROUTE-519,NODE-PORT-103,IN_TRANSIT,CRITICAL_SLA,FMCG,BlueDart Logistics,14.8,46.4,47.0,25.1,81.4,0.69,0.32,5,0.68,1,2,3,2,9,1801768.83,22.5402,88.3526,2026-09-23T03:14:27.972373,2026-09-23T03:32:27.972373,2026-09-23T03:38:27.972373,0.4793973453061324,1,4.3,1
SHP-1094,MMX-84892608,NODE-PUN-161,NODE-PUN-163,Pune Major Hub 1,Pune Major Hub 3,ROUTE-591,NODE-PUN-163,AT_RISK,CRITICAL_SLA,PHARMA,BlueDart Logistics,4.4,53.7,51.9,27.0,69.1,0.92,0.34,3,0.42,7,0,21,2,1,340889.35,18.605,73.8794,2026-09-23T21:14:27.972373,2026-09-23T21:20:27.972373,2026-09-23T21:20:27.972373,0.43261689267011166,0,5.8,0
SHP-1095,MMX-25578562,NODE-HYD-154,NODE-CUST-157,Hyderabad Major Hub 1,Hyderabad Zone 1 Retail Cluster,ROUTE-649,NODE-CUST-157,IN_TRANSIT,CRITICAL_SLA,INDUSTRIAL_EQUIPMENT,BlueDart Logistics,17.4,32.2,46.2,24.5,70.6,0.69,0.06,2,0.43,6,0,17,1,8,358420.61,17.5053,78.3576,2026-09-22T17:14:27.972373,2026-09-22T17:44:27.972373,2026-09-22T17:44:27.972373,0.3933945923433921,0,8.3,0
SHP-1096,MMX-13031322,NODE-MUM-106,NODE-MUM-107,Mumbai Major Hub 2,Mumbai Major Hub 3,ROUTE-537,NODE-MUM-107,DELIVERED,EXPRESS,AUTOMOTIVE,BlueDart Logistics,3.3,38.9,58.5,25.3,55.7,0.18,0.07,6,0.5,8,2,19,1,2,935779.05,19.0048,72.9436,2026-09-22T19:14:27.972373,2026-09-22T19:20:27.972373,2026-09-22T19:20:27.972373,0.2088242525933941,0,2.7,0
SHP-1097,MMX-35016429,NODE-HYD-154,NODE-HYD-156,Hyderabad Major Hub 1,Hyderabad Major Hub 3,ROUTE-588,NODE-HYD-156,IN_TRANSIT,STANDARD,INDUSTRIAL_EQUIPMENT,BlueDart Logistics,14.2,57.2,39.9,31.8,51.0,0.25,0.21,2,0.43,6,4,23,1,7,2877464.73,17.3905,78.4897,2026-09-22T23:14:27.972373,2026-09-22T23:32:27.972373,2026-09-22T23:38:27.972373,0.41580601385322885,0,3.8,0
SHP-1098,MMX-35093324,NODE-PUN-162,NODE-CUST-167,Pune Major Hub 2,Pune Zone 4 Retail Cluster,ROUTE-664,NODE-CUST-167,IN_TRANSIT,EXPRESS,INDUSTRIAL_EQUIPMENT,BlueDart Logistics,15.7,41.8,57.1,30.4,60.2,0.47,0.2,1,0.73,4,1,22,2,5,2269360.21,18.6259,73.8124,2026-09-23T22:14:27.972373,2026-09-23T22:44:27.972373,2026-09-23T22:50:27.972373,0.4120527636089945,0,3.9,0
SHP-1099,MMX-92861016,NODE-MUM-105,NODE-CUST-108,Bhiwandi Central Mega Hub (H04),Mumbai Zone 1 Retail Cluster,ROUTE-594,NODE-MUM-105,IN_TRANSIT,STANDARD,AUTOMOTIVE,BlueDart Logistics,12.6,45.2,42.9,30.1,63.7,0.64,0.19,5,0.94,7,4,17,2,7,1781663.91,19.0686,72.8907,2026-09-23T17:14:27.972373,2026-09-23T17:44:27.972373,2026-09-23T17:50:27.972373,0.579255672832123,1,4.9,1
SHP-1100,MMX-90050918,NODE-MUM-107,NODE-PUN-161,Mumbai Major Hub 3,Pune Major Hub 1,ROUTE-545,NODE-PUN-161,IN_TRANSIT,CRITICAL_SLA,INDUSTRIAL_EQUIPMENT,BlueDart Logistics,110.0,64.0,62.6,26.3,70.2,0.37,0.14,2,0.55,5,0,14,2,3,1151252.91,18.7933,73.4245,2026-09-23T14:14:27.972373,2026-09-23T16:14:27.972373,2026-09-23T16:32:27.972373,0.28727064333124264,0,5.4,0
SHP-1101,MMX-93135800,NODE-MUM-105,NODE-PUN-163,Bhiwandi Central Mega Hub (H04),Pune Major Hub 3,ROUTE-536,NODE-MUM-105,AT_RISK,EXPRESS,TEXTILES,BlueDart Logistics,111.5,43.3,49.6,25.5,81.4,0.89,0.28,2,0.94,9,1,16,2,8,902062.58,18.9173,73.2784,2026-09-23T16:14:27.972373,2026-09-23T18:14:27.972373,2026-09-23T18:50:27.972373,0.5567314628974792,1,4.9,1
SHP-1102,MMX-49203644,NODE-PORT-102,NODE-BEN-121,Chennai Port Trust,Bengaluru Major Hub 3,ROUTE-514,NODE-BEN-121,IN_TRANSIT,STANDARD,AUTOMOTIVE,BlueDart Logistics,294.4,46.7,40.9,23.4,65.3,0.66,0.3,4,0.86,8,3,2,2,8,1491663.56,13.0625,78.8096,2026-09-23T02:14:27.972373,2026-09-23T07:38:27.972373,2026-09-23T09:14:27.972373,0.5729677338617322,1,5.9,1
SHP-1103,MMX-82751830,NODE-PORT-101,NODE-PUN-162,JNPT Nhava Sheva Port,Pune Major Hub 2,ROUTE-509,NODE-PUN-162,DELIVERED,STANDARD,AUTOMOTIVE,BlueDart Logistics,105.8,49.6,40.0,24.4,73.4,0.75,0.26,5,0.66,9,0,11,2,2,840272.28,18.5718,73.8719,2026-09-23T11:14:27.972373,2026-09-23T13:08:27.972373,2026-09-23T13:38:27.972373,0.4373642741736616,0,4.1,0
SHP-1104,MMX-41802361,NODE-PORT-102,NODE-PORT-103,Chennai Port Trust,Syama Prasad Mookerjee Port,ROUTE-511,NODE-PORT-102,IN_TRANSIT,EXPRESS,INDUSTRIAL_EQUIPMENT,BlueDart Logistics,1351.1,50.0,64.7,19.4,77.4,0.74,0.32,3,0.86,1,3,19,1,5,1078302.08,17.4087,83.9641,2026-09-22T19:14:27.972373,2026-09-23T19:50:27.972373,2026-09-24T03:44:27.972373,0.4858861365389191,1,5.1,1
SHP-1105,MMX-32599227,NODE-DEL-113,NODE-JAI-147,Okhla Fulfilment Center (H02),Jaipur Major Hub 1,ROUTE-554,NODE-JAI-147,DELIVERED,CRITICAL_SLA,INDUSTRIAL_EQUIPMENT,BlueDart Logistics,240.8,57.9,60.8,26.5,59.3,0.62,0.11,2,0.89,4,0,22,2,6,1620228.35,26.8026,75.7407,2026-09-23T22:14:27.972373,2026-09-24T02:38:27.972373,2026-09-24T03:08:27.972373,0.42643571441669953,0,4.9,0
SHP-1106,MMX-27809465,NODE-AHM-141,NODE-AHM-142,Ahmedabad Major Hub 2,Ahmedabad Major Hub 3,ROUTE-583,NODE-AHM-142,DELIVERED,EXPRESS,INDUSTRIAL_EQUIPMENT,BlueDart Logistics,13.1,35.9,43.0,30.0,84.3,0.68,0.1,1,0.64,3,3,20,1,1,2977834.37,22.922,72.6094,2026-09-22T20:14:27.972373,2026-09-22T20:26:27.972373,2026-09-22T20:26:27.972373,0.422202542840727,0,5.7,0
SHP-1107,MMX-64069715,NODE-BEN-119,NODE-CHE-128,Bengaluru Major Hub 1,Chennai Major Hub 3,ROUTE-564,NODE-CHE-128,IN_TRANSIT,CRITICAL_SLA,PHARMA,BlueDart Logistics,294.9,37.7,42.4,29.8,57.7,0.22,0.07,6,0.46,5,5,17,1,7,1156758.37,12.9702,79.2718,2026-09-22T17:14:27.972373,2026-09-22T22:38:27.972373,2026-09-22T23:02:27.972373,0.47630929506052655,1,4.3,1
SHP-1108,MMX-18500100,NODE-KOL-133,NODE-CUST-139,Kolkata Major Hub 1,Kolkata Zone 4 Retail Cluster,ROUTE-632,NODE-CUST-139,DELIVERED,EXPRESS,INDUSTRIAL_EQUIPMENT,BlueDart Logistics,13.6,58.2,61.3,24.4,62.0,0.59,0.08,6,0.85,2,5,10,2,8,1922779.61,22.5216,88.3328,2026-09-23T10:14:27.972373,2026-09-23T10:44:27.972373,2026-09-23T10:44:27.972373,0.531728890641592,1,4.5,1
SHP-1109,MMX-16166355,NODE-PORT-104,NODE-CUST-145,Mundra Container Terminal,Ahmedabad Zone 3 Retail Cluster,ROUTE-637,NODE-CUST-145,DELIVERED,STANDARD,FMCG,BlueDart Logistics,288.1,73.2,59.7,24.9,54.5,0.34,0.12,5,0.71,10,1,15,1,8,2375495.78,23.1924,72.4892,2026-09-22T15:14:27.972373,2026-09-22T23:26:27.972373,2026-09-23T00:26:27.972373,0.44437751953613824,0,4.0,0
SHP-1110,MMX-22527880,NODE-PORT-104,NODE-HYD-154,Mundra Container Terminal,Hyderabad Major Hub 1,ROUTE-526,NODE-PORT-104,DELAYED,EXPRESS,INDUSTRIAL_EQUIPMENT,BlueDart Logistics,1091.3,20.9,62.9,20.2,60.5,0.94,0.14,4,0.71,4,5,5,2,3,2652335.9,21.4151,71.9718,2026-09-23T05:14:27.972373,2026-09-24T01:02:27.972373,2026-09-24T03:50:27.972373,0.6137777042116915,1,8.0,1
SHP-1111,MMX-27810664,NODE-PORT-101,NODE-CUST-108,JNPT Nhava Sheva Port,Mumbai Zone 1 Retail Cluster,ROUTE-593,NODE-PORT-101,IN_TRANSIT,STANDARD,AUTOMOTIVE,BlueDart Logistics,15.8,40.5,62.1,20.3,57.8,0.36,0.19,6,0.66,4,3,16,1,2,2125909.22,18.9751,72.9136,2026-09-22T16:14:27.972373,2026-09-22T16:44:27.972373,2026-09-22T16:50:27.972373,0.2670614392350479,0,4.8,0
SHP-1112,MMX-23851475,NODE-HYD-155,NODE-CUST-158,Hyderabad Major Hub 2,Hyderabad Zone 2 Retail Cluster,ROUTE-652,NODE-CUST-158,AT_RISK,CRITICAL_SLA,PHARMA,BlueDart Logistics,19.0,57.4,35.3,27.7,76.8,0.94,0.13,4,0.8,3,3,18,1,2,725393.26,17.4229,78.4017,2026-09-22T18:14:27.972373,2026-09-22T18:44:27.972373,2026-09-22T18:50:27.972373,0.5076743062275392,1,5.4,1
SHP-1113,MMX-94299475,NODE-AHM-140,NODE-AHM-142,Ahmedabad Major Hub 1,Ahmedabad Major Hub 3,ROUTE-581,NODE-AHM-140,AT_RISK,EXPRESS,AUTOMOTIVE,BlueDart Logistics,24.0,27.5,58.2,28.5,46.0,0.94,0.06,2,0.43,2,4,1,2,1,1850441.76,23.0172,72.5359,2026-09-23T01:14:27.972373,2026-09-23T01:38:27.972373,2026-09-23T01:38:27.972373,0.5025115104970513,1,5.4,1
SHP-1114,MMX-43308414,NODE-MUM-106,NODE-AHM-142,Mumbai Major Hub 2,Ahmedabad Major Hub 3,ROUTE-539,NODE-MUM-106,IN_TRANSIT,CRITICAL_SLA,FMCG,BlueDart Logistics,435.4,57.8,60.8,19.2,44.5,0.74,0.33,5,0.5,7,2,17,1,7,977785.82,20.2824,72.8534,2026-09-22T17:14:27.972373,2026-09-23T01:08:27.972373,2026-09-23T03:44:27.972373,0.6491621056242644,1,6.8,1
SHP-1115,MMX-42123815,NODE-JAI-148,NODE-CUST-150,Jaipur Major Hub 2,Jaipur Zone 1 Retail Cluster,ROUTE-642,NODE-JAI-148,DELAYED,CRITICAL_SLA,TEXTILES,BlueDart Logistics,30.2,59.7,43.5,31.2,41.2,0.82,0.19,3,0.63,4,4,15,1,9,606507.24,26.8672,75.8039,2026-09-22T15:14:27.972373,2026-09-22T16:08:27.972373,2026-09-22T16:20:27.972373,0.567881951760944,1,5.1,1
SHP-1116,MMX-59044830,NODE-PORT-103,NODE-CUST-137,Syama Prasad Mookerjee Port,Kolkata Zone 2 Retail Cluster,ROUTE-627,NODE-CUST-137,DELIVERED,STANDARD,FMCG,BlueDart Logistics,22.8,33.3,54.1,19.0,80.0,0.11,0.06,3,0.68,6,1,14,2,7,2589401.31,22.4439,88.5163,2026-09-23T14:14:27.972373,2026-09-23T14:56:27.972373,2026-09-23T14:56:27.972373,0.3285773671166806,0,5.7,0
SHP-1117,MMX-65758338,NODE-AHM-140,NODE-CUST-146,Ahmedabad Major Hub 1,Ahmedabad Zone 4 Retail Cluster,ROUTE-640,NODE-CUST-146,IN_TRANSIT,STANDARD,INDUSTRIAL_EQUIPMENT,BlueDart Logistics,9.7,61.9,63.6,28.8,40.8,0.16,0.19,3,0.43,4,0,20,2,1,2848605.99,23.0883,72.5206,2026-09-23T20:14:27.972373,2026-09-23T20:44:27.972373,2026-09-23T20:50:27.972373,0.20476441151473787,0,2.4,0
SHP-1118,MMX-51630244,NODE-BEN-119,NODE-CUST-122,Bengaluru Major Hub 1,Bengaluru Zone 1 Retail Cluster,ROUTE-609,NODE-CUST-122,DELIVERED,EXPRESS,INDUSTRIAL_EQUIPMENT,BlueDart Logistics,13.4,24.5,51.1,26.6,52.5,0.36,0.11,5,0.46,4,1,16,1,9,1013913.37,12.9302,77.7682,2026-09-22T16:14:27.972373,2026-09-22T16:44:27.972373,2026-09-22T16:50:27.972373,0.3625660981190234,0,3.7,0
SHP-1119,MMX-31989243,NODE-BEN-120,NODE-CUST-123,Bengaluru Major Hub 2,Bengaluru Zone 2 Retail Cluster,ROUTE-612,NODE-CUST-123,DELIVERED,STANDARD,INDUSTRIAL_EQUIPMENT,BlueDart Logistics,15.7,23.2,37.6,24.1,60.4,0.62,0.19,3,0.56,3,0,12,1,1,2138306.79,13.0979,77.4236,2026-09-22T12:14:27.972373,2026-09-22T12:44:27.972373,2026-09-22T12:50:27.972373,0.4501411407257511,1,4.7,1
SHP-1120,MMX-87396877,NODE-KOL-133,NODE-CUST-137,Kolkata Major Hub 1,Kolkata Zone 2 Retail Cluster,ROUTE-628,NODE-CUST-137,IN_TRANSIT,CRITICAL_SLA,AUTOMOTIVE,BlueDart Logistics,12.1,48.4,59.7,21.6,56.7,0.74,0.2,3,0.85,2,0,4,2,6,2430968.15,22.4908,88.4909,2026-09-23T04:14:27.972373,2026-09-23T04:44:27.972373,2026-09-23T04:50:27.972373,0.4980966516343388,1,4.3,1
SHP-1121,MMX-15910667,NODE-PUN-161,NODE-CUST-166,Pune Major Hub 1,Pune Zone 3 Retail Cluster,ROUTE-661,NODE-CUST-166,DELIVERED,EXPRESS,ELECTRONICS,BlueDart Logistics,11.1,45.0,45.8,25.0,65.5,0.41,0.05,3,0.42,2,4,12,1,2,723793.05,18.6184,73.9911,2026-09-22T12:14:27.972373,2026-09-22T12:44:27.972373,2026-09-22T12:44:27.972373,0.35505159735215236,0,3.2,0
SHP-1122,MMX-86710258,NODE-PORT-101,NODE-MUM-107,JNPT Nhava Sheva Port,Mumbai Major Hub 3,ROUTE-504,NODE-PORT-101,IN_TRANSIT,STANDARD,PHARMA,BlueDart Logistics,6.1,45.9,46.5,20.1,81.9,0.83,0.31,5,0.66,7,1,16,1,6,782376.39,18.9705,72.9476,2026-09-22T16:14:27.972373,2026-09-22T16:20:27.972373,2026-09-22T16:20:27.972373,0.49103062726026303,1,5.8,1
SHP-1123,MMX-71303434,NODE-MUM-105,NODE-CUST-109,Bhiwandi Central Mega Hub (H04),Mumbai Zone 2 Retail Cluster,ROUTE-596,NODE-MUM-105,IN_TRANSIT,CRITICAL_SLA,ELECTRONICS,BlueDart Logistics,8.4,57.0,36.6,21.1,63.2,0.14,0.11,4,0.94,2,3,23,2,5,2331906.06,19.116,72.916,2026-09-23T23:14:27.972373,2026-09-23T23:44:27.972373,2026-09-23T23:50:27.972373,0.424139715546805,0,3.7,0
SHP-1124,MMX-13209180,NODE-PORT-101,NODE-MUM-106,JNPT Nhava Sheva Port,Mumbai Major Hub 2,ROUTE-503,NODE-PORT-101,IN_TRANSIT,STANDARD,AUTOMOTIVE,BlueDart Logistics,8.1,36.0,58.5,28.4,50.9,0.41,0.12,4,0.66,4,5,14,2,9,2293422.55,18.968,72.9551,2026-09-23T14:14:27.972373,2026-09-23T14:20:27.972373,2026-09-23T14:20:27.972373,0.415407446860386,0,4.6,0
SHP-1125,MMX-29109045,NODE-BEN-119,NODE-BEN-120,Bengaluru Major Hub 1,Bengaluru Major Hub 2,ROUTE-560,NODE-BEN-119,IN_TRANSIT,EXPRESS,TEXTILES,BlueDart Logistics,17.8,55.0,55.8,18.1,55.1,0.75,0.14,4,0.46,5,0,15,1,4,1612952.74,12.9781,77.5836,2026-09-22T15:14:27.972373,2026-09-22T15:32:27.972373,2026-09-22T15:32:27.972373,0.4218428546900135,0,3.9,0
SHP-1126,MMX-20043577,NODE-BEN-121,NODE-CHE-127,Bengaluru Major Hub 3,Chennai Major Hub 2,ROUTE-572,NODE-CHE-127,DELIVERED,STANDARD,ELECTRONICS,BlueDart Logistics,299.6,70.7,61.9,25.3,71.5,0.42,0.11,6,0.47,2,4,13,2,2,1541011.9,13.0925,80.3404,2026-09-23T13:14:27.972373,2026-09-23T18:38:27.972373,2026-09-23T19:14:27.972373,0.44702278129049894,0,4.4,0
SHP-1127,MMX-88478184,NODE-HYD-155,NODE-CUST-158,Hyderabad Major Hub 2,Hyderabad Zone 2 Retail Cluster,ROUTE-652,NODE-CUST-158,IN_TRANSIT,STANDARD,TEXTILES,BlueDart Logistics,19.0,43.9,63.9,21.3,51.7,0.37,0.13,4,0.8,6,2,20,1,8,852269.82,17.4435,78.386,2026-09-22T20:14:27.972373,2026-09-22T20:44:27.972373,2026-09-22T20:50:27.972373,0.3929731837434656,0,3.7,0
SHP-1128,MMX-90973889,NODE-MUM-105,NODE-MUM-106,Bhiwandi Central Mega Hub (H04),Mumbai Major Hub 2,ROUTE-528,NODE-MUM-105,AT_RISK,STANDARD,PHARMA,BlueDart Logistics,8.8,29.0,49.0,23.7,64.1,0.92,0.07,2,0.94,8,2,7,2,8,831773.38,19.0762,72.9399,2026-09-23T07:14:27.972373,2026-09-23T07:26:27.972373,2026-09-23T07:26:27.972373,0.6366851135198615,1,5.9,1
SHP-1129,MMX-43534652,NODE-PORT-102,NODE-PORT-103,Chennai Port Trust,Syama Prasad Mookerjee Port,ROUTE-511,NODE-PORT-103,IN_TRANSIT,EXPRESS,PHARMA,BlueDart Logistics,1351.1,28.2,56.3,31.6,57.8,0.14,0.32,3,0.86,5,1,23,2,1,2858684.99,18.1824,84.6209,2026-09-23T23:14:27.972373,2026-09-24T23:50:27.972373,2026-09-25T07:44:27.972373,0.38498256825438204,0,4.8,0
SHP-1130,MMX-20064609,NODE-PORT-104,NODE-AHM-142,Mundra Container Terminal,Ahmedabad Major Hub 3,ROUTE-525,NODE-PORT-104,IN_TRANSIT,STANDARD,FMCG,BlueDart Logistics,298.2,64.2,39.2,18.2,77.4,0.94,0.28,2,0.71,4,3,4,2,6,2074541.52,22.8571,70.3076,2026-09-23T04:14:27.972373,2026-09-23T09:38:27.972373,2026-09-23T11:08:27.972373,0.5563262172941901,1,5.2,1
SHP-1131,MMX-76588957,NODE-PORT-101,NODE-AHM-142,JNPT Nhava Sheva Port,Ahmedabad Major Hub 3,ROUTE-506,NODE-PORT-101,IN_TRANSIT,STANDARD,ELECTRONICS,BlueDart Logistics,443.1,69.6,48.3,19.8,80.7,0.8,0.33,3,0.66,2,0,13,2,8,199381.22,20.7501,72.7956,2026-09-23T13:14:27.972373,2026-09-23T21:20:27.972373,2026-09-24T00:02:27.972373,0.41946682844669336,0,4.6,0
SHP-1132,MMX-74294443,NODE-PORT-101,NODE-PUN-161,JNPT Nhava Sheva Port,Pune Major Hub 1,ROUTE-508,NODE-PORT-101,IN_TRANSIT,CRITICAL_SLA,FMCG,BlueDart Logistics,106.9,43.5,45.6,30.7,52.4,0.48,0.35,2,0.66,1,4,23,2,4,1959471.28,18.7914,73.3625,2026-09-23T23:14:27.972373,2026-09-24T01:08:27.972373,2026-09-24T01:50:27.972373,0.4484281487403014,0,4.6,0
SHP-1133,MMX-77430081,NODE-PORT-102,NODE-CHE-127,Chennai Port Trust,Chennai Major Hub 2,ROUTE-516,NODE-PORT-102,IN_TRANSIT,EXPRESS,ELECTRONICS,BlueDart Logistics,5.2,41.1,47.6,27.0,75.9,0.31,0.25,5,0.86,1,3,0,3,6,1465069.09,13.0873,80.3115,2026-09-24T00:14:27.972373,2026-09-24T00:20:27.972373,2026-09-24T00:20:27.972373,0.3633848143136948,0,4.4,0
SHP-1134,MMX-43266810,NODE-AHM-141,NODE-AHM-142,Ahmedabad Major Hub 2,Ahmedabad Major Hub 3,ROUTE-583,NODE-AHM-142,AT_RISK,EXPRESS,FMCG,BlueDart Logistics,13.1,29.9,44.6,21.1,80.3,0.76,0.1,1,0.64,8,4,18,1,6,2312184.4,22.9356,72.5937,2026-09-22T18:14:27.972373,2026-09-22T18:26:27.972373,2026-09-22T18:26:27.972373,0.6256796215317592,1,8.6,1
SHP-1135,MMX-89398174,NODE-BEN-119,NODE-CHE-126,Bengaluru Major Hub 1,Chennai Major Hub 1,ROUTE-562,NODE-CHE-126,IN_TRANSIT,CRITICAL_SLA,AUTOMOTIVE,BlueDart Logistics,278.5,64.9,62.5,18.8,84.8,0.29,0.3,4,0.46,6,1,10,2,3,747825.84,13.1199,79.4879,2026-09-23T10:14:27.972373,2026-09-23T15:20:27.972373,2026-09-23T16:50:27.972373,0.27952878828830985,0,4.0,0
SHP-1136,MMX-12674689,NODE-PORT-101,NODE-PUN-161,JNPT Nhava Sheva Port,Pune Major Hub 1,ROUTE-508,NODE-PORT-101,AT_RISK,CRITICAL_SLA,INDUSTRIAL_EQUIPMENT,BlueDart Logistics,106.9,39.3,52.0,20.0,82.7,0.81,0.35,4,0.66,9,2,2,2,3,1496787.44,18.8815,73.1281,2026-09-23T02:14:27.972373,2026-09-23T04:08:27.972373,2026-09-23T04:50:27.972373,0.616996720250877,1,5.5,1
SHP-1137,MMX-58974686,NODE-PORT-104,NODE-CUST-144,Mundra Container Terminal,Ahmedabad Zone 2 Retail Cluster,ROUTE-635,NODE-CUST-144,IN_TRANSIT,STANDARD,FMCG,BlueDart Logistics,307.7,38.2,53.4,29.3,55.3,0.25,0.16,3,0.71,1,0,21,2,3,1780497.07,22.9618,71.7755,2026-09-23T21:14:27.972373,2026-09-24T06:02:27.972373,2026-09-24T07:26:27.972373,0.22583733538318815,0,2.0,0
SHP-1138,MMX-92370625,NODE-PORT-103,NODE-KOL-133,Syama Prasad Mookerjee Port,Kolkata Major Hub 1,ROUTE-519,NODE-KOL-133,IN_TRANSIT,CRITICAL_SLA,AUTOMOTIVE,BlueDart Logistics,14.8,71.8,46.9,19.4,53.6,0.22,0.32,2,0.68,7,5,23,2,8,1965081.78,22.5406,88.4128,2026-09-23T23:14:27.972373,2026-09-23T23:32:27.972373,2026-09-23T23:38:27.972373,0.4768969241897163,1,4.4,1
SHP-1139,MMX-34438599,NODE-PUN-162,NODE-PUN-163,Pune Major Hub 2,Pune Major Hub 3,ROUTE-592,NODE-PUN-163,DELIVERED,CRITICAL_SLA,PHARMA,BlueDart Logistics,5.5,52.4,40.3,22.3,71.0,0.21,0.05,6,0.73,1,5,14,1,7,2559733.05,18.6214,73.8681,2026-09-22T14:14:27.972373,2026-09-22T14:20:27.972373,2026-09-22T14:20:27.972373,0.4246758608684835,0,4.7,0
SHP-1140,MMX-69945655,NODE-HYD-154,NODE-CUST-160,Hyderabad Major Hub 1,Hyderabad Zone 4 Retail Cluster,ROUTE-655,NODE-CUST-160,IN_TRANSIT,CRITICAL_SLA,AUTOMOTIVE,BlueDart Logistics,27.5,32.1,52.0,31.1,46.3,0.73,0.07,2,0.43,6,2,9,2,3,1926750.97,17.4883,78.5493,2026-09-23T09:14:27.972373,2026-09-23T10:02:27.972373,2026-09-23T10:08:27.972373,0.3434567841783022,0,3.0,0
SHP-1141,MMX-57141449,NODE-PORT-101,NODE-MUM-106,JNPT Nhava Sheva Port,Mumbai Major Hub 2,ROUTE-503,NODE-PORT-101,IN_TRANSIT,STANDARD,AUTOMOTIVE,BlueDart Logistics,8.1,33.7,37.0,21.6,44.9,0.1,0.12,4,0.66,8,5,12,2,7,2908850.38,18.9849,72.9599,2026-09-23T12:14:27.972373,2026-09-23T12:20:27.972373,2026-09-23T12:20:27.972373,0.4273729967302065,0,4.5,0
SHP-1142,MMX-55876720,NODE-AHM-140,NODE-CUST-146,Ahmedabad Major Hub 1,Ahmedabad Zone 4 Retail Cluster,ROUTE-640,NODE-CUST-146,IN_TRANSIT,STANDARD,FMCG,BlueDart Logistics,9.7,65.6,58.7,26.1,74.1,0.29,0.19,4,0.43,2,0,16,1,5,109230.1,23.0826,72.5496,2026-09-22T16:14:27.972373,2026-09-22T16:44:27.972373,2026-09-22T16:50:27.972373,0.33635713771412146,0,3.9,0
SHP-1143,MMX-91512791,NODE-MUM-107,NODE-AHM-142,Mumbai Major Hub 3,Ahmedabad Major Hub 3,ROUTE-544,NODE-AHM-142,DELIVERED,STANDARD,FMCG,BlueDart Logistics,437.0,60.3,51.4,30.6,44.2,0.6,0.26,5,0.55,8,5,22,1,1,1322403.84,22.922,72.6094,2026-09-22T22:14:27.972373,2026-09-23T06:08:27.972373,2026-09-23T08:14:27.972373,0.4001258382719387,0,3.9,0
SHP-1144,MMX-83774469,NODE-BEN-120,NODE-CUST-123,Bengaluru Major Hub 2,Bengaluru Zone 2 Retail Cluster,ROUTE-612,NODE-BEN-120,IN_TRANSIT,STANDARD,PHARMA,BlueDart Logistics,15.7,25.6,41.2,20.7,71.4,0.71,0.19,6,0.56,9,2,0,3,5,927331.91,12.9969,77.4796,2026-09-24T00:14:27.972373,2026-09-24T00:44:27.972373,2026-09-24T00:50:27.972373,0.5607316929266152,1,6.5,1
SHP-1145,MMX-25503345,NODE-KOL-133,NODE-CUST-136,Kolkata Major Hub 1,Kolkata Zone 1 Retail Cluster,ROUTE-626,NODE-CUST-136,IN_TRANSIT,STANDARD,PHARMA,BlueDart Logistics,23.7,39.8,47.8,22.1,69.8,0.61,0.18,2,0.85,2,0,18,2,4,553954.97,22.4421,88.304,2026-09-23T18:14:27.972373,2026-09-23T18:56:27.972373,2026-09-23T19:02:27.972373,0.4129941397124212,0,3.6,0
SHP-1146,MMX-46045780,NODE-KOL-134,NODE-KOL-135,Kolkata Major Hub 2,Kolkata Major Hub 3,ROUTE-579,NODE-KOL-134,IN_TRANSIT,EXPRESS,FMCG,BlueDart Logistics,12.3,46.9,54.8,19.3,64.5,0.26,0.33,4,0.51,6,1,2,2,8,181619.93,22.567,88.3432,2026-09-23T02:14:27.972373,2026-09-23T02:26:27.972373,2026-09-23T02:32:27.972373,0.4305911435888655,0,3.8,0
SHP-1147,MMX-81875527,NODE-JAI-147,NODE-CUST-152,Jaipur Major Hub 1,Jaipur Zone 3 Retail Cluster,ROUTE-645,NODE-CUST-152,DELIVERED,STANDARD,ELECTRONICS,BlueDart Logistics,8.8,61.4,55.0,19.2,55.5,0.56,0.13,5,0.66,4,4,14,2,1,2530351.64,26.8304,75.6581,2026-09-23T14:14:27.972373,2026-09-23T14:44:27.972373,2026-09-23T14:50:27.972373,0.34715246445609593,0,4.5,0
SHP-1148,MMX-38439415,NODE-CHE-126,NODE-CUST-131,Chennai Major Hub 1,Chennai Zone 3 Retail Cluster,ROUTE-622,NODE-CHE-126,IN_TRANSIT,STANDARD,TEXTILES,BlueDart Logistics,22.8,46.2,37.4,30.6,72.1,0.53,0.14,5,0.63,10,5,22,1,3,404831.53,13.1654,80.2763,2026-09-22T22:14:27.972373,2026-09-22T22:56:27.972373,2026-09-22T23:02:27.972373,0.4249771693457862,0,4.4,0
SHP-1149,MMX-84095459,NODE-DEL-112,NODE-JAI-147,Delhi NCR Major Hub 1,Jaipur Major Hub 1,ROUTE-550,NODE-JAI-147,DELIVERED,STANDARD,PHARMA,BlueDart Logistics,244.9,43.3,64.6,24.1,84.9,0.63,0.15,5,0.79,5,2,13,2,2,306730.95,26.8026,75.7407,2026-09-23T13:14:27.972373,2026-09-23T17:44:27.972373,2026-09-23T18:26:27.972373,0.4560970782808449,1,5.3,1
SHP-1150,MMX-24178065,NODE-JAI-147,NODE-JAI-148,Jaipur Major Hub 1,Jaipur Major Hub 2,ROUTE-584,NODE-JAI-148,DELIVERED,CRITICAL_SLA,AUTOMOTIVE,BlueDart Logistics,16.3,45.2,61.2,29.0,68.0,0.54,0.19,4,0.66,2,3,18,1,3,487189.24,26.8268,75.9025,2026-09-22T18:14:27.972373,2026-09-22T18:32:27.972373,2026-09-22T18:38:27.972373,0.4188492336616593,0,4.2,0
SHP-1151,MMX-15205303,NODE-JAI-147,NODE-CUST-152,Jaipur Major Hub 1,Jaipur Zone 3 Retail Cluster,ROUTE-645,NODE-JAI-147,IN_TRANSIT,EXPRESS,ELECTRONICS,BlueDart Logistics,8.8,67.7,61.4,30.3,51.9,0.66,0.13,5,0.66,10,3,13,2,1,557989.2,26.8096,75.72,2026-09-23T13:14:27.972373,2026-09-23T13:44:27.972373,2026-09-23T13:50:27.972373,0.4745246425172939,1,4.4,1
SHP-1152,MMX-40595926,NODE-DEL-113,NODE-CUST-115,Okhla Fulfilment Center (H02),Delhi NCR Zone 1 Retail Cluster,ROUTE-602,NODE-CUST-115,DELIVERED,CRITICAL_SLA,AUTOMOTIVE,BlueDart Logistics,22.3,33.1,57.4,30.9,80.4,0.12,0.19,3,0.89,5,2,18,1,8,2581792.61,28.5334,77.3579,2026-09-22T18:14:27.972373,2026-09-22T18:50:27.972373,2026-09-22T18:56:27.972373,0.4148224104748488,0,5.6,0
SHP-1153,MMX-17543817,NODE-MUM-105,NODE-PUN-162,Bhiwandi Central Mega Hub (H04),Pune Major Hub 2,ROUTE-535,NODE-PUN-162,DELIVERED,CRITICAL_SLA,AUTOMOTIVE,BlueDart Logistics,114.6,44.4,59.8,21.8,58.8,0.65,0.13,2,0.94,8,1,11,2,7,2235787.16,18.5718,73.8719,2026-09-23T11:14:27.972373,2026-09-23T13:20:27.972373,2026-09-23T13:38:27.972373,0.48349876392107555,1,6.0,1
SHP-1154,MMX-58368724,NODE-KOL-133,NODE-CUST-139,Kolkata Major Hub 1,Kolkata Zone 4 Retail Cluster,ROUTE-632,NODE-KOL-133,AT_RISK,STANDARD,PHARMA,BlueDart Logistics,13.6,37.1,50.2,19.9,78.3,0.85,0.08,1,0.85,3,1,15,1,4,2519081.2,22.5376,88.4411,2026-09-22T15:14:27.972373,2026-09-22T15:44:27.972373,2026-09-22T15:44:27.972373,0.4796126848580502,1,5.5,1
SHP-1155,MMX-56204319,NODE-DEL-112,NODE-JAI-148,Delhi NCR Major Hub 1,Jaipur Major Hub 2,ROUTE-551,NODE-JAI-148,IN_TRANSIT,EXPRESS,AUTOMOTIVE,BlueDart Logistics,233.4,65.3,50.2,26.9,45.6,0.13,0.12,3,0.79,8,4,10,2,8,573871.9,27.5873,76.4912,2026-09-23T10:14:27.972373,2026-09-23T14:26:27.972373,2026-09-23T14:56:27.972373,0.4496536236649341,0,4.2,0
SHP-1156,MMX-12691381,NODE-MUM-106,NODE-PUN-163,Mumbai Major Hub 2,Pune Major Hub 3,ROUTE-542,NODE-PUN-163,DELAYED,CRITICAL_SLA,AUTOMOTIVE,BlueDart Logistics,104.4,65.7,37.7,18.4,42.2,0.83,0.1,2,0.5,4,5,20,2,4,2049200.98,18.7786,73.5143,2026-09-23T20:14:27.972373,2026-09-23T22:08:27.972373,2026-09-23T22:20:27.972373,0.4667824290986817,1,5.0,1
SHP-1157,MMX-50553227,NODE-PORT-101,NODE-MUM-106,JNPT Nhava Sheva Port,Mumbai Major Hub 2,ROUTE-503,NODE-PORT-101,DELAYED,STANDARD,FMCG,BlueDart Logistics,8.1,55.6,53.0,18.1,51.4,0.78,0.12,3,0.66,5,3,17,2,7,2562179.21,18.973,72.9565,2026-09-23T17:14:27.972373,2026-09-23T17:20:27.972373,2026-09-23T17:20:27.972373,0.6152887255572379,1,5.8,1
SHP-1158,MMX-47108953,NODE-AHM-140,NODE-CUST-143,Ahmedabad Major Hub 1,Ahmedabad Zone 1 Retail Cluster,ROUTE-634,NODE-AHM-140,AT_RISK,EXPRESS,TEXTILES,BlueDart Logistics,27.1,52.1,35.2,32.0,83.5,0.81,0.09,5,0.43,10,4,9,2,5,930503.98,23.141,72.594,2026-09-23T09:14:27.972373,2026-09-23T10:02:27.972373,2026-09-23T10:08:27.972373,0.5486916460455894,1,4.8,1
SHP-1159,MMX-13416548,NODE-PUN-162,NODE-CUST-167,Pune Major Hub 2,Pune Zone 4 Retail Cluster,ROUTE-664,NODE-CUST-167,DELIVERED,EXPRESS,AUTOMOTIVE,BlueDart Logistics,15.7,34.4,56.3,30.5,53.4,0.23,0.2,2,0.73,1,4,20,1,7,1998564.45,18.6694,73.7646,2026-09-22T20:14:27.972373,2026-09-22T20:44:27.972373,2026-09-22T20:50:27.972373,0.33943482513986767,0,5.9,0
SHP-1160,MMX-78090647,NODE-KOL-133,NODE-CUST-137,Kolkata Major Hub 1,Kolkata Zone 2 Retail Cluster,ROUTE-628,NODE-CUST-137,IN_TRANSIT,EXPRESS,AUTOMOTIVE,BlueDart Logistics,12.1,69.9,47.1,28.3,66.2,0.95,0.2,2,0.85,6,5,10,2,4,2074638.43,22.4731,88.5005,2026-09-23T10:14:27.972373,2026-09-23T10:44:27.972373,2026-09-23T10:50:27.972373,0.6538276804316915,1,5.7,1
SHP-1161,MMX-66434872,NODE-KOL-133,NODE-KOL-134,Kolkata Major Hub 1,Kolkata Major Hub 2,ROUTE-577,NODE-KOL-133,IN_TRANSIT,CRITICAL_SLA,PHARMA,BlueDart Logistics,8.1,68.2,40.4,19.4,45.8,0.32,0.3,5,0.85,3,5,7,2,6,1980582.2,22.5375,88.4328,2026-09-23T07:14:27.972373,2026-09-23T07:20:27.972373,2026-09-23T07:20:27.972373,0.43476591648863394,0,7.3,0
SHP-1162,MMX-61226775,NODE-JAI-147,NODE-JAI-149,Jaipur Major Hub 1,Jaipur Major Hub 3,ROUTE-585,NODE-JAI-149,DELIVERED,EXPRESS,AUTOMOTIVE,BlueDart Logistics,17.2,52.2,48.9,19.6,42.4,0.64,0.31,5,0.66,10,0,19,1,8,2673806.88,26.9562,75.7211,2026-09-22T19:14:27.972373,2026-09-22T19:32:27.972373,2026-09-22T19:38:27.972373,0.5563542301871226,1,5.4,1
SHP-1163,MMX-54644768,NODE-AHM-140,NODE-CUST-144,Ahmedabad Major Hub 1,Ahmedabad Zone 2 Retail Cluster,ROUTE-636,NODE-CUST-144,IN_TRANSIT,EXPRESS,AUTOMOTIVE,BlueDart Logistics,24.8,23.0,60.6,19.9,49.0,0.45,0.16,5,0.43,8,1,19,2,6,2594062.13,23.0409,72.6303,2026-09-23T19:14:27.972373,2026-09-23T19:56:27.972373,2026-09-23T20:02:27.972373,0.5029297789503703,1,4.5,1
SHP-1164,MMX-64142556,NODE-PUN-162,NODE-CUST-166,Pune Major Hub 2,Pune Zone 3 Retail Cluster,ROUTE-662,NODE-CUST-166,DELIVERED,EXPRESS,PHARMA,BlueDart Logistics,13.6,54.9,35.1,21.8,74.3,0.24,0.17,2,0.73,8,0,15,2,3,1862715.23,18.6184,73.9911,2026-09-23T15:14:27.972373,2026-09-23T15:44:27.972373,2026-09-23T15:50:27.972373,0.28246588408241446,0,3.3,0
SHP-1165,MMX-51888314,NODE-BEN-120,NODE-CUST-122,Bengaluru Major Hub 2,Bengaluru Zone 1 Retail Cluster,ROUTE-610,NODE-BEN-120,AT_RISK,EXPRESS,FMCG,BlueDart Logistics,30.3,20.3,51.0,28.2,82.8,0.86,0.12,5,0.56,4,0,10,2,1,1898726.44,12.9605,77.5774,2026-09-23T10:14:27.972373,2026-09-23T11:08:27.972373,2026-09-23T11:14:27.972373,0.49516880646221617,1,6.7,1
SHP-1166,MMX-75790669,NODE-MUM-105,NODE-PUN-161,Bhiwandi Central Mega Hub (H04),Pune Major Hub 1,ROUTE-534,NODE-PUN-161,IN_TRANSIT,EXPRESS,ELECTRONICS,BlueDart Logistics,115.4,47.7,44.2,18.9,42.1,0.91,0.08,4,0.94,9,4,9,2,9,1046613.7,18.6653,73.7441,2026-09-23T09:14:27.972373,2026-09-23T11:20:27.972373,2026-09-23T11:32:27.972373,0.685139046346825,1,7.4,1
SHP-1167,MMX-60357475,NODE-PUN-162,NODE-PUN-163,Pune Major Hub 2,Pune Major Hub 3,ROUTE-592,NODE-PUN-162,IN_TRANSIT,STANDARD,PHARMA,BlueDart Logistics,5.5,72.1,62.5,23.6,50.3,0.72,0.05,2,0.73,4,5,14,1,1,1789593.86,18.5835,73.871,2026-09-22T14:14:27.972373,2026-09-22T14:20:27.972373,2026-09-22T14:20:27.972373,0.5046030079997246,1,6.3,1
SHP-1168,MMX-37581060,NODE-PUN-162,NODE-CUST-167,Pune Major Hub 2,Pune Zone 4 Retail Cluster,ROUTE-664,NODE-PUN-162,IN_TRANSIT,CRITICAL_SLA,AUTOMOTIVE,BlueDart Logistics,15.7,54.3,52.8,18.7,44.9,0.81,0.2,1,0.73,2,3,21,1,8,1171748.6,18.6037,73.8368,2026-09-22T21:14:27.972373,2026-09-22T21:44:27.972373,2026-09-22T21:50:27.972373,0.6388396491326974,1,6.7,1
SHP-1169,MMX-45298445,NODE-PUN-162,NODE-CUST-166,Pune Major Hub 2,Pune Zone 3 Retail Cluster,ROUTE-662,NODE-PUN-162,IN_TRANSIT,EXPRESS,ELECTRONICS,BlueDart Logistics,13.6,43.1,38.0,25.3,68.0,0.7,0.17,4,0.73,2,4,0,2,2,883984.97,18.595,73.9313,2026-09-23T00:14:27.972373,2026-09-23T00:44:27.972373,2026-09-23T00:50:27.972373,0.44623059419985656,0,5.2,0
SHP-1170,MMX-99794603,NODE-AHM-140,NODE-CUST-143,Ahmedabad Major Hub 1,Ahmedabad Zone 1 Retail Cluster,ROUTE-634,NODE-CUST-143,IN_TRANSIT,EXPRESS,PHARMA,BlueDart Logistics,27.1,58.7,43.9,18.6,62.3,0.28,0.09,4,0.43,6,1,0,3,1,87610.73,23.1674,72.6675,2026-09-24T00:14:27.972373,2026-09-24T01:02:27.972373,2026-09-24T01:08:27.972373,0.21481319178212557,0,4.1,0
SHP-1171,MMX-58347193,NODE-PORT-103,NODE-CUST-137,Syama Prasad Mookerjee Port,Kolkata Zone 2 Retail Cluster,ROUTE-627,NODE-CUST-137,IN_TRANSIT,STANDARD,PHARMA,BlueDart Logistics,22.8,62.9,37.3,28.1,80.7,0.65,0.06,4,0.68,5,2,6,2,8,197736.58,22.4668,88.4696,2026-09-23T06:14:27.972373,2026-09-23T06:56:27.972373,2026-09-23T06:56:27.972373,0.42802427851872393,0,4.0,0
SHP-1172,MMX-22475714,NODE-AHM-140,NODE-AHM-142,Ahmedabad Major Hub 1,Ahmedabad Major Hub 3,ROUTE-581,NODE-AHM-142,DELIVERED,CRITICAL_SLA,FMCG,BlueDart Logistics,24.0,26.4,60.5,30.5,40.4,0.22,0.06,6,0.43,3,2,5,2,6,2688856.47,22.922,72.6094,2026-09-23T05:14:27.972373,2026-09-23T05:38:27.972373,2026-09-23T05:38:27.972373,0.30670948575172813,0,3.4,0
SHP-1173,MMX-31393688,NODE-MUM-105,NODE-CUST-109,Bhiwandi Central Mega Hub (H04),Mumbai Zone 2 Retail Cluster,ROUTE-596,NODE-CUST-109,DELIVERED,STANDARD,AUTOMOTIVE,BlueDart Logistics,8.4,26.3,47.0,24.4,77.6,0.69,0.11,4,0.94,7,5,15,1,3,383516.84,19.1564,72.8904,2026-09-22T15:14:27.972373,2026-09-22T15:44:27.972373,2026-09-22T15:50:27.972373,0.6036449145292947,1,5.4,1
SHP-1174,MMX-69148126,NODE-PORT-104,NODE-PUN-161,Mundra Container Terminal,Pune Major Hub 1,ROUTE-527,NODE-PORT-104,DELAYED,CRITICAL_SLA,FMCG,BlueDart Logistics,643.0,46.5,52.1,24.1,67.5,0.76,0.1,5,0.71,1,5,14,2,3,1475084.99,21.8661,70.66,2026-09-23T14:14:27.972373,2026-09-24T01:56:27.972373,2026-09-24T03:08:27.972373,0.4975575987408322,1,9.5,1
SHP-1175,MMX-68095862,NODE-PORT-102,NODE-BEN-119,Chennai Port Trust,Bengaluru Major Hub 1,ROUTE-512,NODE-BEN-119,DELIVERED,EXPRESS,ELECTRONICS,BlueDart Logistics,285.9,56.0,35.4,30.2,63.6,0.73,0.22,6,0.86,10,1,18,1,6,1581344.05,12.9813,77.6564,2026-09-22T18:14:27.972373,2026-09-22T23:26:27.972373,2026-09-23T00:32:27.972373,0.5613345399665011,1,8.2,1
SHP-1176,MMX-20048242,NODE-BEN-119,NODE-CHE-128,Bengaluru Major Hub 1,Chennai Major Hub 3,ROUTE-564,NODE-CHE-128,DELAYED,EXPRESS,FMCG,BlueDart Logistics,294.9,56.5,54.2,20.1,77.2,0.86,0.07,5,0.46,1,0,22,1,3,1541424.34,12.9673,79.6876,2026-09-22T22:14:27.972373,2026-09-23T03:38:27.972373,2026-09-23T04:02:27.972373,0.40335916245180126,0,3.5,0
SHP-1177,MMX-70004467,NODE-KOL-133,NODE-CUST-136,Kolkata Major Hub 1,Kolkata Zone 1 Retail Cluster,ROUTE-626,NODE-KOL-133,IN_TRANSIT,STANDARD,AUTOMOTIVE,BlueDart Logistics,23.7,38.2,43.3,25.1,64.8,0.42,0.18,2,0.85,2,3,19,2,8,2413720.8,22.5159,88.4233,2026-09-23T19:14:27.972373,2026-09-23T19:56:27.972373,2026-09-23T20:02:27.972373,0.46115009459389533,1,5.4,1
SHP-1178,MMX-97858385,NODE-AHM-140,NODE-AHM-142,Ahmedabad Major Hub 1,Ahmedabad Major Hub 3,ROUTE-581,NODE-AHM-142,DELIVERED,EXPRESS,ELECTRONICS,BlueDart Logistics,24.0,61.0,35.5,23.6,41.6,0.57,0.06,1,0.43,10,4,1,2,5,2675827.15,22.922,72.6094,2026-09-23T01:14:27.972373,2026-09-23T01:38:27.972373,2026-09-23T01:38:27.972373,0.5316767038578659,1,7.6,1
SHP-1179,MMX-10294869,NODE-PORT-102,NODE-CUST-129,Chennai Port Trust,Chennai Zone 1 Retail Cluster,ROUTE-617,NODE-PORT-102,IN_TRANSIT,EXPRESS,AUTOMOTIVE,BlueDart Logistics,21.0,65.4,59.5,29.8,54.9,0.75,0.05,5,0.86,8,5,2,2,6,2161944.83,13.05,80.317,2026-09-23T02:14:27.972373,2026-09-23T02:50:27.972373,2026-09-23T02:50:27.972373,0.5692671583381023,1,5.1,1
SHP-1180,MMX-35171649,NODE-HYD-154,NODE-HYD-156,Hyderabad Major Hub 1,Hyderabad Major Hub 3,ROUTE-588,NODE-HYD-156,DELIVERED,CRITICAL_SLA,AUTOMOTIVE,BlueDart Logistics,14.2,73.0,43.8,25.3,71.6,0.14,0.21,2,0.43,8,1,0,2,7,365536.44,17.3922,78.5287,2026-09-23T00:14:27.972373,2026-09-23T00:32:27.972373,2026-09-23T00:38:27.972373,0.46550845832948096,1,5.0,1
SHP-1181,MMX-28070539,NODE-MUM-105,NODE-AHM-140,Bhiwandi Central Mega Hub (H04),Ahmedabad Major Hub 1,ROUTE-531,NODE-AHM-140,DELIVERED,STANDARD,FMCG,BlueDart Logistics,448.0,45.1,58.4,28.0,44.8,0.45,0.13,6,0.94,10,0,20,2,8,1399294.24,23.0976,72.4737,2026-09-23T20:14:27.972373,2026-09-24T04:20:27.972373,2026-09-24T05:26:27.972373,0.5067833673882502,1,7.3,1
SHP-1182,MMX-77660514,NODE-KOL-133,NODE-CUST-137,Kolkata Major Hub 1,Kolkata Zone 2 Retail Cluster,ROUTE-628,NODE-CUST-137,IN_TRANSIT,CRITICAL_SLA,ELECTRONICS,BlueDart Logistics,12.1,60.5,51.6,24.1,66.3,0.89,0.2,2,0.85,10,1,8,2,3,355484.19,22.4856,88.4937,2026-09-23T08:14:27.972373,2026-09-23T08:44:27.972373,2026-09-23T08:50:27.972373,0.5031421221791859,1,4.3,1
SHP-1183,MMX-52132393,NODE-PORT-101,NODE-CUST-111,JNPT Nhava Sheva Port,Mumbai Zone 4 Retail Cluster,ROUTE-599,NODE-CUST-111,IN_TRANSIT,CRITICAL_SLA,FMCG,BlueDart Logistics,18.0,70.4,57.9,21.8,83.4,0.92,0.09,4,0.66,3,1,23,2,7,1827447.13,18.9332,72.8648,2026-09-23T23:14:27.972373,2026-09-23T23:44:27.972373,2026-09-23T23:44:27.972373,0.4414553750969444,0,5.2,0
SHP-1184,MMX-85467972,NODE-JAI-148,NODE-CUST-150,Jaipur Major Hub 2,Jaipur Zone 1 Retail Cluster,ROUTE-642,NODE-CUST-150,IN_TRANSIT,STANDARD,INDUSTRIAL_EQUIPMENT,BlueDart Logistics,30.2,31.0,53.7,22.1,55.5,0.67,0.19,6,0.63,3,4,10,2,9,2098220.32,26.9001,75.7237,2026-09-23T10:14:27.972373,2026-09-23T11:08:27.972373,2026-09-23T11:20:27.972373,0.5561236207621593,1,5.2,1
SHP-1185,MMX-36830448,NODE-PORT-102,NODE-CUST-132,Chennai Port Trust,Chennai Zone 4 Retail Cluster,ROUTE-623,NODE-PORT-102,IN_TRANSIT,CRITICAL_SLA,TEXTILES,BlueDart Logistics,22.6,71.8,56.3,27.4,80.2,0.55,0.18,4,0.86,1,4,15,1,2,124552.82,13.1142,80.3169,2026-09-22T15:14:27.972373,2026-09-22T15:50:27.972373,2026-09-22T15:56:27.972373,0.4233268607337075,0,6.7,0
SHP-1186,MMX-40106027,NODE-BEN-120,NODE-CHE-127,Bengaluru Major Hub 2,Chennai Major Hub 2,ROUTE-569,NODE-CHE-127,DELIVERED,EXPRESS,PHARMA,BlueDart Logistics,308.8,57.6,39.4,18.9,75.3,0.27,0.28,5,0.56,1,2,23,2,8,352316.02,13.0925,80.3404,2026-09-23T23:14:27.972373,2026-09-24T04:50:27.972373,2026-09-24T06:26:27.972373,0.40720002470460465,0,7.7,0
SHP-1187,MMX-37257905,NODE-JAI-148,NODE-CUST-151,Jaipur Major Hub 2,Jaipur Zone 2 Retail Cluster,ROUTE-644,NODE-JAI-148,IN_TRANSIT,STANDARD,FMCG,BlueDart Logistics,19.9,48.1,58.9,27.7,71.2,0.14,0.11,4,0.63,7,3,4,2,6,2899207.98,26.8302,75.8709,2026-09-23T04:14:27.972373,2026-09-23T04:50:27.972373,2026-09-23T04:56:27.972373,0.3831618812286773,0,6.7,0
SHP-1188,MMX-35095571,NODE-PUN-161,NODE-CUST-165,Pune Major Hub 1,Pune Zone 2 Retail Cluster,ROUTE-659,NODE-CUST-165,IN_TRANSIT,STANDARD,FMCG,BlueDart Logistics,16.4,70.1,56.1,27.1,74.0,0.56,0.14,5,0.42,4,5,16,1,4,917824.28,18.6484,73.7771,2026-09-22T16:14:27.972373,2026-09-22T16:44:27.972373,2026-09-22T16:50:27.972373,0.4273585543671564,0,4.4,0
SHP-1189,MMX-90111922,NODE-MUM-107,NODE-PUN-161,Mumbai Major Hub 3,Pune Major Hub 1,ROUTE-545,NODE-MUM-107,IN_TRANSIT,CRITICAL_SLA,INDUSTRIAL_EQUIPMENT,BlueDart Logistics,110.0,26.6,36.2,21.9,51.9,0.24,0.14,3,0.55,1,2,8,2,8,2143583.42,18.9307,73.1122,2026-09-23T08:14:27.972373,2026-09-23T10:14:27.972373,2026-09-23T10:32:27.972373,0.3521603140965798,0,5.4,0
SHP-1190,MMX-77798790,NODE-PORT-102,NODE-BEN-121,Chennai Port Trust,Bengaluru Major Hub 3,ROUTE-514,NODE-BEN-121,DELIVERED,CRITICAL_SLA,INDUSTRIAL_EQUIPMENT,BlueDart Logistics,294.4,66.4,44.0,29.1,64.8,0.16,0.3,6,0.86,6,4,16,1,4,2873113.77,13.0446,77.5751,2026-09-22T16:14:27.972373,2026-09-22T21:38:27.972373,2026-09-22T23:14:27.972373,0.3492576387657068,0,5.2,0
SHP-1191,MMX-25397719,NODE-MUM-106,NODE-PUN-162,Mumbai Major Hub 2,Pune Major Hub 2,ROUTE-541,NODE-PUN-162,DELIVERED,CRITICAL_SLA,FMCG,BlueDart Logistics,107.3,49.5,37.8,21.1,49.6,0.38,0.13,3,0.5,5,1,12,1,9,1450828.71,18.5718,73.8719,2026-09-22T12:14:27.972373,2026-09-22T14:14:27.972373,2026-09-22T14:32:27.972373,0.36167425239664897,0,3.5,0
SHP-1192,MMX-13315946,NODE-HYD-155,NODE-HYD-156,Hyderabad Major Hub 2,Hyderabad Major Hub 3,ROUTE-589,NODE-HYD-156,DELIVERED,STANDARD,FMCG,BlueDart Logistics,9.1,69.7,53.4,26.7,83.2,0.68,0.2,3,0.8,7,0,6,2,7,806942.14,17.3922,78.5287,2026-09-23T06:14:27.972373,2026-09-23T06:26:27.972373,2026-09-23T06:26:27.972373,0.5328199397161737,1,6.6,1
SHP-1193,MMX-10983894,NODE-PORT-104,NODE-CUST-143,Mundra Container Terminal,Ahmedabad Zone 1 Retail Cluster,ROUTE-633,NODE-CUST-143,DELIVERED,CRITICAL_SLA,AUTOMOTIVE,BlueDart Logistics,311.5,64.2,48.4,18.6,80.4,0.26,0.14,5,0.71,2,0,22,2,3,2916304.87,23.1866,72.7206,2026-09-23T22:14:27.972373,2026-09-24T07:08:27.972373,2026-09-24T08:20:27.972373,0.2822046872065102,0,2.4,0
SHP-1194,MMX-15085015,NODE-PUN-161,NODE-CUST-166,Pune Major Hub 1,Pune Zone 3 Retail Cluster,ROUTE-661,NODE-PUN-161,IN_TRANSIT,STANDARD,ELECTRONICS,BlueDart Logistics,11.1,56.9,58.2,30.1,59.1,0.19,0.05,5,0.42,7,5,9,2,2,2253327.94,18.5932,73.9077,2026-09-23T09:14:27.972373,2026-09-23T09:44:27.972373,2026-09-23T09:44:27.972373,0.2582130610644006,0,3.3,0
SHP-1195,MMX-81784254,NODE-PORT-104,NODE-AHM-140,Mundra Container Terminal,Ahmedabad Major Hub 1,ROUTE-523,NODE-PORT-104,AT_RISK,STANDARD,ELECTRONICS,BlueDart Logistics,285.4,29.8,42.6,19.0,77.0,0.87,0.23,4,0.71,7,3,19,1,7,1327423.85,22.9489,70.8723,2026-09-22T19:14:27.972373,2026-09-23T00:26:27.972373,2026-09-23T01:38:27.972373,0.6586590462925592,1,5.9,1
SHP-1196,MMX-61192463,NODE-PORT-101,NODE-MUM-105,JNPT Nhava Sheva Port,Bhiwandi Central Mega Hub (H04),ROUTE-502,NODE-MUM-105,IN_TRANSIT,CRITICAL_SLA,INDUSTRIAL_EQUIPMENT,BlueDart Logistics,15.8,54.0,57.7,26.2,71.5,0.16,0.29,5,0.66,2,2,16,2,5,1839369.23,19.0469,72.9375,2026-09-23T16:14:27.972373,2026-09-23T16:32:27.972373,2026-09-23T16:38:27.972373,0.3522658689864419,0,3.1,0
SHP-1197,MMX-84292758,NODE-DEL-113,NODE-CUST-115,Okhla Fulfilment Center (H02),Delhi NCR Zone 1 Retail Cluster,ROUTE-602,NODE-CUST-115,IN_TRANSIT,STANDARD,INDUSTRIAL_EQUIPMENT,BlueDart Logistics,22.3,46.1,51.0,19.9,57.6,0.78,0.19,5,0.89,5,5,12,1,3,929266.68,28.5524,77.2701,2026-09-22T12:14:27.972373,2026-09-22T12:50:27.972373,2026-09-22T12:56:27.972373,0.5183071281899434,1,4.5,1
SHP-1198,MMX-31602928,NODE-JAI-147,NODE-CUST-151,Jaipur Major Hub 1,Jaipur Zone 2 Retail Cluster,ROUTE-643,NODE-CUST-151,DELIVERED,STANDARD,PHARMA,BlueDart Logistics,6.3,22.3,52.2,23.5,64.6,0.17,0.17,2,0.66,6,1,21,1,7,2721602.69,26.8481,75.7036,2026-09-22T21:14:27.972373,2026-09-22T21:44:27.972373,2026-09-22T21:50:27.972373,0.41518625529727643,0,5.0,0
SHP-1199,MMX-36496940,NODE-DEL-112,NODE-DEL-113,Delhi NCR Major Hub 1,Okhla Fulfilment Center (H02),ROUTE-548,NODE-DEL-112,IN_TRANSIT,CRITICAL_SLA,PHARMA,BlueDart Logistics,10.7,65.9,40.8,20.5,76.0,0.82,0.16,5,0.79,8,5,18,1,9,265776.49,28.5629,77.2219,2026-09-22T18:14:27.972373,2026-09-22T18:26:27.972373,2026-09-22T18:26:27.972373,0.6504104359223,1,6.0,1
SHP-1200,MMX-88405961,NODE-HYD-154,NODE-CUST-157,Hyderabad Major Hub 1,Hyderabad Zone 1 Retail Cluster,ROUTE-649,NODE-CUST-157,DELIVERED,EXPRESS,FMCG,BlueDart Logistics,17.4,39.6,55.1,21.3,52.8,0.16,0.06,2,0.43,6,3,7,2,8,1018620.93,17.5361,78.348,2026-09-23T07:14:27.972373,2026-09-23T07:44:27.972373,2026-09-23T07:44:27.972373,0.28335148510846886,0,4.0,0
SHP-1201,MMX-74418331,NODE-MUM-106,NODE-PUN-161,Mumbai Major Hub 2,Pune Major Hub 1,ROUTE-540,NODE-PUN-161,DELIVERED,CRITICAL_SLA,TEXTILES,BlueDart Logistics,108.2,40.0,44.5,24.0,40.2,0.31,0.19,2,0.5,7,2,9,2,6,446202.21,18.5882,73.891,2026-09-23T09:14:27.972373,2026-09-23T11:14:27.972373,2026-09-23T11:38:27.972373,0.39638936801741415,0,3.5,0
SHP-1202,MMX-20120010,NODE-PORT-102,NODE-CUST-130,Chennai Port Trust,Chennai Zone 2 Retail Cluster,ROUTE-619,NODE-CUST-130,DELIVERED,EXPRESS,FMCG,BlueDart Logistics,19.9,62.6,49.6,19.5,69.0,0.17,0.13,3,0.86,3,4,16,1,4,826542.22,13.1933,80.438,2026-09-22T16:14:27.972373,2026-09-22T16:50:27.972373,2026-09-22T16:56:27.972373,0.39753922631841176,0,3.8,0
SHP-1203,MMX-89134873,NODE-PORT-101,NODE-BEN-119,JNPT Nhava Sheva Port,Bengaluru Major Hub 1,ROUTE-505,NODE-PORT-101,AT_RISK,CRITICAL_SLA,TEXTILES,BlueDart Logistics,832.7,21.7,52.5,23.7,66.6,0.87,0.28,5,0.66,5,4,2,2,9,1442706.65,16.5263,74.8611,2026-09-23T02:14:27.972373,2026-09-23T17:20:27.972373,2026-09-23T21:32:27.972373,0.734652562158764,1,7.2,1
SHP-1204,MMX-98504955,NODE-CHE-126,NODE-CHE-128,Chennai Major Hub 1,Chennai Major Hub 3,ROUTE-575,NODE-CHE-128,IN_TRANSIT,EXPRESS,PHARMA,BlueDart Logistics,29.2,47.6,37.7,23.1,40.5,0.3,0.26,5,0.63,3,4,0,3,3,1366350.31,13.0591,80.3065,2026-09-24T00:14:27.972373,2026-09-24T00:44:27.972373,2026-09-24T00:50:27.972373,0.43419010260174523,0,5.6,0
SHP-1205,MMX-16232730,NODE-MUM-106,NODE-AHM-141,Mumbai Major Hub 2,Ahmedabad Major Hub 2,ROUTE-538,NODE-MUM-106,IN_TRANSIT,CRITICAL_SLA,INDUSTRIAL_EQUIPMENT,BlueDart Logistics,445.3,46.6,45.8,21.1,61.9,0.15,0.15,3,0.5,4,0,17,2,4,1577761.43,20.6998,72.7786,2026-09-23T17:14:27.972373,2026-09-24T01:20:27.972373,2026-09-24T02:32:27.972373,0.17361653160214546,0,1.9,0
SHP-1206,MMX-79345320,NODE-PORT-102,NODE-PORT-103,Chennai Port Trust,Syama Prasad Mookerjee Port,ROUTE-511,NODE-PORT-102,IN_TRANSIT,EXPRESS,INDUSTRIAL_EQUIPMENT,BlueDart Logistics,1351.1,25.7,64.1,26.9,52.3,0.73,0.32,5,0.86,9,4,16,1,3,1161145.73,16.9204,83.5496,2026-09-22T16:14:27.972373,2026-09-23T16:50:27.972373,2026-09-24T00:44:27.972373,0.5966087480042438,1,6.3,1
SHP-1207,MMX-38389345,NODE-BEN-119,NODE-HYD-154,Bengaluru Major Hub 1,Hyderabad Major Hub 1,ROUTE-565,NODE-BEN-119,IN_TRANSIT,STANDARD,FMCG,BlueDart Logistics,496.2,48.4,45.6,30.1,61.9,0.51,0.05,5,0.46,1,4,5,2,3,1347701.17,13.8798,77.807,2026-09-23T05:14:27.972373,2026-09-23T14:14:27.972373,2026-09-23T14:44:27.972373,0.37625176336043303,0,5.8,0
SHP-1208,MMX-13012656,NODE-MUM-106,NODE-AHM-142,Mumbai Major Hub 2,Ahmedabad Major Hub 3,ROUTE-539,NODE-MUM-106,IN_TRANSIT,STANDARD,PHARMA,BlueDart Logistics,435.4,39.9,56.5,19.7,50.4,0.79,0.33,6,0.5,2,3,14,2,8,1463112.43,20.0461,72.8752,2026-09-23T14:14:27.972373,2026-09-23T22:08:27.972373,2026-09-24T00:44:27.972373,0.5561892975456104,1,5.9,1
SHP-1209,MMX-95580271,NODE-BEN-119,NODE-CHE-127,Bengaluru Major Hub 1,Chennai Major Hub 2,ROUTE-563,NODE-CHE-127,IN_TRANSIT,STANDARD,ELECTRONICS,BlueDart Logistics,291.0,51.5,39.8,26.8,41.8,0.59,0.05,1,0.46,3,2,0,3,3,1574090.04,13.0446,79.1851,2026-09-24T00:14:27.972373,2026-09-24T05:32:27.972373,2026-09-24T05:50:27.972373,0.37225238431530244,0,3.5,0
SHP-1210,MMX-93646063,NODE-PORT-101,NODE-BEN-119,JNPT Nhava Sheva Port,Bengaluru Major Hub 1,ROUTE-505,NODE-BEN-119,IN_TRANSIT,CRITICAL_SLA,INDUSTRIAL_EQUIPMENT,BlueDart Logistics,832.7,56.4,43.5,19.2,60.2,0.94,0.28,4,0.66,3,1,23,1,7,1822474.21,14.6268,76.3589,2026-09-22T23:14:27.972373,2026-09-23T14:20:27.972373,2026-09-23T18:32:27.972373,0.7306365745327361,1,6.2,1
SHP-1211,MMX-30073763,NODE-PORT-103,NODE-CUST-139,Syama Prasad Mookerjee Port,Kolkata Zone 4 Retail Cluster,ROUTE-631,NODE-CUST-139,DELIVERED,STANDARD,AUTOMOTIVE,BlueDart Logistics,5.0,59.8,45.3,24.3,66.6,0.3,0.16,4,0.68,3,0,14,2,1,646928.22,22.5216,88.3328,2026-09-23T14:14:27.972373,2026-09-23T14:44:27.972373,2026-09-23T14:50:27.972373,0.29354452553465843,0,4.9,0
SHP-1212,MMX-97138408,NODE-HYD-155,NODE-CUST-160,Hyderabad Major Hub 2,Hyderabad Zone 4 Retail Cluster,ROUTE-656,NODE-CUST-160,DELIVERED,STANDARD,ELECTRONICS,BlueDart Logistics,26.1,46.2,53.4,18.5,75.3,0.53,0.06,1,0.8,2,3,12,1,3,2710855.03,17.5269,78.6078,2026-09-22T12:14:27.972373,2026-09-22T12:56:27.972373,2026-09-22T12:56:27.972373,0.45327828200903,1,3.9,1
SHP-1213,MMX-21249805,NODE-BEN-119,NODE-CUST-123,Bengaluru Major Hub 1,Bengaluru Zone 2 Retail Cluster,ROUTE-611,NODE-BEN-119,DELAYED,EXPRESS,TEXTILES,BlueDart Logistics,28.4,40.4,36.3,25.4,50.3,0.78,0.14,4,0.46,6,4,2,2,2,1305193.72,13.0377,77.5437,2026-09-23T02:14:27.972373,2026-09-23T03:02:27.972373,2026-09-23T03:08:27.972373,0.5117000881746602,1,6.8,1
SHP-1214,MMX-64874257,NODE-BEN-121,NODE-CHE-128,Bengaluru Major Hub 3,Chennai Major Hub 3,ROUTE-573,NODE-CHE-128,DELIVERED,CRITICAL_SLA,TEXTILES,BlueDart Logistics,303.8,42.5,40.7,27.9,75.5,0.59,0.1,1,0.47,9,0,8,2,7,1980911.06,12.9626,80.378,2026-09-23T08:14:27.972373,2026-09-23T13:44:27.972373,2026-09-23T14:20:27.972373,0.4465695625652899,0,4.7,0
SHP-1215,MMX-74755726,NODE-PORT-101,NODE-CUST-108,JNPT Nhava Sheva Port,Mumbai Zone 1 Retail Cluster,ROUTE-593,NODE-CUST-108,IN_TRANSIT,STANDARD,ELECTRONICS,BlueDart Logistics,15.8,43.4,52.6,21.7,64.1,0.58,0.19,5,0.66,5,5,23,2,7,2277167.11,18.9951,72.8847,2026-09-23T23:14:27.972373,2026-09-23T23:44:27.972373,2026-09-23T23:50:27.972373,0.5102365377679827,1,7.7,1
SHP-1216,MMX-23459168,NODE-MUM-107,NODE-PUN-162,Mumbai Major Hub 3,Pune Major Hub 2,ROUTE-546,NODE-PUN-162,IN_TRANSIT,CRITICAL_SLA,AUTOMOTIVE,BlueDart Logistics,108.9,50.5,42.6,22.3,55.5,0.7,0.18,6,0.55,3,5,22,1,2,2256051.88,18.7025,73.5917,2026-09-22T22:14:27.972373,2026-09-23T00:14:27.972373,2026-09-23T00:38:27.972373,0.4994484610246634,1,6.2,1
SHP-1217,MMX-21830043,NODE-DEL-113,NODE-JAI-148,Okhla Fulfilment Center (H02),Jaipur Major Hub 2,ROUTE-555,NODE-JAI-148,DELIVERED,EXPRESS,TEXTILES,BlueDart Logistics,229.8,63.2,59.0,26.6,70.8,0.14,0.28,4,0.89,1,0,15,2,3,1441422.55,26.8268,75.9025,2026-09-23T15:14:27.972373,2026-09-23T19:26:27.972373,2026-09-23T20:38:27.972373,0.24985873927312144,0,9.5,0
SHP-1218,MMX-11437525,NODE-PORT-102,NODE-CHE-128,Chennai Port Trust,Chennai Major Hub 3,ROUTE-517,NODE-CHE-128,IN_TRANSIT,STANDARD,AUTOMOTIVE,BlueDart Logistics,16.3,40.4,53.3,28.1,81.9,0.44,0.14,6,0.86,9,2,16,2,1,2839861.78,13.0114,80.3438,2026-09-23T16:14:27.972373,2026-09-23T16:32:27.972373,2026-09-23T16:32:27.972373,0.39915906966299963,0,3.9,0
SHP-1219,MMX-63611082,NODE-DEL-112,NODE-JAI-149,Delhi NCR Major Hub 1,Jaipur Major Hub 3,ROUTE-552,NODE-DEL-112,IN_TRANSIT,CRITICAL_SLA,INDUSTRIAL_EQUIPMENT,BlueDart Logistics,232.7,35.7,36.0,26.4,63.2,0.3,0.2,2,0.79,1,2,5,2,4,1982306.4,28.2207,76.9221,2026-09-23T05:14:27.972373,2026-09-23T09:26:27.972373,2026-09-23T10:14:27.972373,0.3252318226085449,0,4.5,0
SHP-1220,MMX-40372869,NODE-PUN-161,NODE-PUN-163,Pune Major Hub 1,Pune Major Hub 3,ROUTE-591,NODE-PUN-161,DELAYED,EXPRESS,INDUSTRIAL_EQUIPMENT,BlueDart Logistics,4.4,42.3,41.0,18.2,71.7,0.88,0.34,5,0.42,5,5,5,2,9,2749276.47,18.6013,73.882,2026-09-23T05:14:27.972373,2026-09-23T05:20:27.972373,2026-09-23T05:20:27.972373,0.6230937069693162,1,5.9,1
SHP-1221,MMX-82196170,NODE-HYD-155,NODE-CUST-160,Hyderabad Major Hub 2,Hyderabad Zone 4 Retail Cluster,ROUTE-656,NODE-CUST-160,DELIVERED,EXPRESS,PHARMA,BlueDart Logistics,26.1,71.1,52.2,21.7,58.3,0.19,0.06,1,0.8,9,2,4,2,6,2843695.62,17.5269,78.6078,2026-09-23T04:14:27.972373,2026-09-23T04:56:27.972373,2026-09-23T04:56:27.972373,0.49923292833367544,1,5.0,1
SHP-1222,MMX-40860700,NODE-JAI-148,NODE-CUST-153,Jaipur Major Hub 2,Jaipur Zone 4 Retail Cluster,ROUTE-648,NODE-JAI-148,IN_TRANSIT,CRITICAL_SLA,AUTOMOTIVE,BlueDart Logistics,26.5,44.4,46.3,24.8,50.9,0.39,0.19,4,0.63,8,4,2,2,1,1471811.98,26.8733,75.9099,2026-09-23T02:14:27.972373,2026-09-23T03:02:27.972373,2026-09-23T03:14:27.972373,0.31263674037041267,0,3.8,0
SHP-1223,MMX-87002404,NODE-AHM-140,NODE-AHM-142,Ahmedabad Major Hub 1,Ahmedabad Major Hub 3,ROUTE-581,NODE-AHM-140,IN_TRANSIT,EXPRESS,FMCG,BlueDart Logistics,24.0,48.4,35.3,29.7,51.2,0.18,0.06,6,0.43,6,0,1,2,9,2797618.91,23.0327,72.5239,2026-09-23T01:14:27.972373,2026-09-23T01:38:27.972373,2026-09-23T01:38:27.972373,0.33181300951872567,0,5.3,0
SHP-1224,MMX-30937370,NODE-BEN-120,NODE-CHE-127,Bengaluru Major Hub 2,Chennai Major Hub 2,ROUTE-569,NODE-CHE-127,DELIVERED,CRITICAL_SLA,PHARMA,BlueDart Logistics,308.8,57.6,62.3,25.0,49.0,0.73,0.28,3,0.56,4,1,10,2,4,2513074.42,13.0925,80.3404,2026-09-23T10:14:27.972373,2026-09-23T15:50:27.972373,2026-09-23T17:26:27.972373,0.3618642064405174,0,8.0,0
SHP-1225,MMX-75874779,NODE-MUM-105,NODE-MUM-106,Bhiwandi Central Mega Hub (H04),Mumbai Major Hub 2,ROUTE-528,NODE-MUM-106,DELIVERED,STANDARD,ELECTRONICS,BlueDart Logistics,8.8,57.2,54.9,26.6,74.4,0.56,0.07,1,0.94,8,2,5,2,6,1502404.11,19.0205,72.97,2026-09-23T05:14:27.972373,2026-09-23T05:26:27.972373,2026-09-23T05:26:27.972373,0.4674034067105284,1,5.7,1
SHP-1226,MMX-71363812,NODE-MUM-107,NODE-PUN-163,Mumbai Major Hub 3,Pune Major Hub 3,ROUTE-547,NODE-PUN-163,DELIVERED,EXPRESS,TEXTILES,BlueDart Logistics,106.2,41.9,57.5,19.8,63.7,0.46,0.05,5,0.55,1,4,23,1,6,1211464.92,18.6214,73.8681,2026-09-22T23:14:27.972373,2026-09-23T01:08:27.972373,2026-09-23T01:14:27.972373,0.4419475298483684,0,4.4,0
SHP-1227,MMX-92286747,NODE-MUM-105,NODE-AHM-140,Bhiwandi Central Mega Hub (H04),Ahmedabad Major Hub 1,ROUTE-531,NODE-MUM-105,IN_TRANSIT,CRITICAL_SLA,INDUSTRIAL_EQUIPMENT,BlueDart Logistics,448.0,45.3,55.7,18.2,49.5,0.59,0.13,3,0.94,6,4,18,2,5,602099.7,20.3573,72.787,2026-09-23T18:14:27.972373,2026-09-24T02:20:27.972373,2026-09-24T03:26:27.972373,0.5257140009547732,1,5.1,1
SHP-1228,MMX-46231955,NODE-HYD-154,NODE-HYD-156,Hyderabad Major Hub 1,Hyderabad Major Hub 3,ROUTE-588,NODE-HYD-154,IN_TRANSIT,STANDARD,AUTOMOTIVE,BlueDart Logistics,14.2,47.4,41.3,27.8,56.8,0.83,0.21,3,0.43,8,1,18,1,3,2938853.73,17.3883,78.4363,2026-09-22T18:14:27.972373,2026-09-22T18:32:27.972373,2026-09-22T18:38:27.972373,0.4001127611035347,0,5.0,0
SHP-1229,MMX-81669929,NODE-BEN-119,NODE-BEN-121,Bengaluru Major Hub 1,Bengaluru Major Hub 3,ROUTE-561,NODE-BEN-121,DELIVERED,EXPRESS,TEXTILES,BlueDart Logistics,11.3,67.1,40.9,29.2,73.2,0.5,0.27,1,0.46,3,3,21,2,8,446691.47,13.0446,77.5751,2026-09-23T21:14:27.972373,2026-09-23T21:26:27.972373,2026-09-23T21:32:27.972373,0.4122348145370016,0,3.8,0
SHP-1230,MMX-85208908,NODE-AHM-140,NODE-AHM-142,Ahmedabad Major Hub 1,Ahmedabad Major Hub 3,ROUTE-581,NODE-AHM-140,IN_TRANSIT,EXPRESS,FMCG,BlueDart Logistics,24.0,33.8,60.8,18.7,44.5,0.24,0.06,2,0.43,5,3,11,2,2,1377071.72,23.0393,72.5187,2026-09-23T11:14:27.972373,2026-09-23T11:38:27.972373,2026-09-23T11:38:27.972373,0.3144798874467338,0,2.8,0
SHP-1231,MMX-75430302,NODE-JAI-147,NODE-CUST-151,Jaipur Major Hub 1,Jaipur Zone 2 Retail Cluster,ROUTE-643,NODE-CUST-151,DELIVERED,EXPRESS,AUTOMOTIVE,BlueDart Logistics,6.3,21.1,38.6,30.1,83.3,0.27,0.17,5,0.66,9,1,20,2,5,1097571.66,26.8481,75.7036,2026-09-23T20:14:27.972373,2026-09-23T20:44:27.972373,2026-09-23T20:50:27.972373,0.39598166841414323,0,3.9,0
SHP-1232,MMX-40630893,NODE-BEN-119,NODE-CUST-125,Bengaluru Major Hub 1,Bengaluru Zone 4 Retail Cluster,ROUTE-615,NODE-BEN-119,IN_TRANSIT,EXPRESS,ELECTRONICS,BlueDart Logistics,29.3,53.8,48.9,31.4,79.1,0.64,0.16,3,0.46,7,5,9,2,7,2554257.28,12.9547,77.608,2026-09-23T09:14:27.972373,2026-09-23T10:02:27.972373,2026-09-23T10:08:27.972373,0.5318229294790987,1,4.9,1
SHP-1233,MMX-41491128,NODE-AHM-140,NODE-AHM-142,Ahmedabad Major Hub 1,Ahmedabad Major Hub 3,ROUTE-581,NODE-AHM-142,IN_TRANSIT,CRITICAL_SLA,AUTOMOTIVE,BlueDart Logistics,24.0,36.0,43.0,27.0,52.2,0.48,0.06,3,0.43,10,4,20,1,8,1271267.73,22.9663,72.5752,2026-09-22T20:14:27.972373,2026-09-22T20:38:27.972373,2026-09-22T20:38:27.972373,0.47477859199519074,1,4.5,1
SHP-1234,MMX-23949034,NODE-BEN-119,NODE-HYD-154,Bengaluru Major Hub 1,Hyderabad Major Hub 1,ROUTE-565,NODE-HYD-154,IN_TRANSIT,CRITICAL_SLA,INDUSTRIAL_EQUIPMENT,BlueDart Logistics,496.2,61.2,41.3,23.6,44.3,0.9,0.05,4,0.46,9,0,17,1,1,2324254.43,16.0011,78.1626,2026-09-22T17:14:27.972373,2026-09-23T02:14:27.972373,2026-09-23T02:44:27.972373,0.3754199826197092,0,3.5,0
SHP-1235,MMX-53647781,NODE-BEN-120,NODE-CHE-126,Bengaluru Major Hub 2,Chennai Major Hub 1,ROUTE-568,NODE-BEN-120,IN_TRANSIT,STANDARD,TEXTILES,BlueDart Logistics,296.3,24.6,62.9,23.5,50.3,0.73,0.29,4,0.56,3,1,10,2,9,2523627.45,13.0091,77.9686,2026-09-23T10:14:27.972373,2026-09-23T15:38:27.972373,2026-09-23T17:14:27.972373,0.6636972044662663,1,5.7,1
SHP-1236,MMX-51562039,NODE-CHE-126,NODE-CUST-131,Chennai Major Hub 1,Chennai Zone 3 Retail Cluster,ROUTE-622,NODE-CUST-131,DELIVERED,CRITICAL_SLA,FMCG,BlueDart Logistics,22.8,71.4,51.5,19.9,82.7,0.56,0.14,5,0.63,10,3,22,2,7,1594206.42,13.1386,80.4271,2026-09-23T22:14:27.972373,2026-09-23T22:56:27.972373,2026-09-23T23:02:27.972373,0.5381959511159006,1,4.6,1
SHP-1237,MMX-74030858,NODE-HYD-155,NODE-HYD-156,Hyderabad Major Hub 2,Hyderabad Major Hub 3,ROUTE-589,NODE-HYD-156,IN_TRANSIT,CRITICAL_SLA,FMCG,BlueDart Logistics,9.1,32.5,37.7,22.3,58.5,0.23,0.2,1,0.8,1,4,19,2,3,1064460.51,17.3632,78.5014,2026-09-23T19:14:27.972373,2026-09-23T19:26:27.972373,2026-09-23T19:26:27.972373,0.2602428706671197,0,7.5,0
SHP-1238,MMX-60782359,NODE-KOL-133,NODE-KOL-134,Kolkata Major Hub 1,Kolkata Major Hub 2,ROUTE-577,NODE-KOL-134,DELIVERED,EXPRESS,ELECTRONICS,BlueDart Logistics,8.1,63.9,52.9,29.2,64.7,0.26,0.3,5,0.85,7,3,12,2,4,531645.01,22.5321,88.386,2026-09-23T12:14:27.972373,2026-09-23T12:20:27.972373,2026-09-23T12:20:27.972373,0.4458227157384714,0,4.5,0
SHP-1239,MMX-34482277,NODE-DEL-114,NODE-JAI-147,Delhi NCR Major Hub 3,Jaipur Major Hub 1,ROUTE-557,NODE-DEL-114,DELAYED,STANDARD,AUTOMOTIVE,BlueDart Logistics,245.1,43.2,42.2,28.7,80.9,0.79,0.14,6,0.67,5,2,16,1,9,2435985.51,28.1099,76.7497,2026-09-22T16:14:27.972373,2026-09-22T20:44:27.972373,2026-09-22T21:20:27.972373,0.5009106767615806,1,4.8,1
SHP-1240,MMX-68843284,NODE-MUM-105,NODE-PUN-162,Bhiwandi Central Mega Hub (H04),Pune Major Hub 2,ROUTE-535,NODE-MUM-105,IN_TRANSIT,STANDARD,AUTOMOTIVE,BlueDart Logistics,114.6,55.0,53.5,21.8,68.0,0.26,0.13,1,0.94,3,0,20,1,9,115286.11,18.9108,73.2584,2026-09-22T20:14:27.972373,2026-09-22T22:20:27.972373,2026-09-22T22:38:27.972373,0.4266216667398112,0,5.0,0
SHP-1241,MMX-19581091,NODE-PORT-101,NODE-MUM-106,JNPT Nhava Sheva Port,Mumbai Major Hub 2,ROUTE-503,NODE-PORT-101,AT_RISK,STANDARD,PHARMA,BlueDart Logistics,8.1,28.3,49.8,22.8,54.0,0.78,0.12,3,0.66,8,5,13,2,1,1024233.51,18.9633,72.9538,2026-09-23T13:14:27.972373,2026-09-23T13:20:27.972373,2026-09-23T13:20:27.972373,0.534373963078365,1,4.8,1
SHP-1242,MMX-79946108,NODE-AHM-140,NODE-CUST-146,Ahmedabad Major Hub 1,Ahmedabad Zone 4 Retail Cluster,ROUTE-640,NODE-AHM-140,IN_TRANSIT,STANDARD,FMCG,BlueDart Logistics,9.7,30.6,60.2,29.4,77.3,0.2,0.19,6,0.43,4,3,18,1,8,779128.46,23.0923,72.5006,2026-09-22T18:14:27.972373,2026-09-22T18:44:27.972373,2026-09-22T18:50:27.972373,0.35476317792665507,0,6.6,0
SHP-1243,MMX-99482259,NODE-DEL-113,NODE-JAI-147,Okhla Fulfilment Center (H02),Jaipur Major Hub 1,ROUTE-554,NODE-DEL-113,IN_TRANSIT,EXPRESS,FMCG,BlueDart Logistics,240.8,57.5,44.4,22.5,68.3,0.14,0.11,5,0.89,9,0,15,1,5,1469627.3,28.0671,76.7329,2026-09-22T15:14:27.972373,2026-09-22T19:38:27.972373,2026-09-22T20:08:27.972373,0.3677493639490229,0,5.0,0
SHP-1244,MMX-43382936,NODE-DEL-113,NODE-JAI-149,Okhla Fulfilment Center (H02),Jaipur Major Hub 3,ROUTE-556,NODE-DEL-113,IN_TRANSIT,STANDARD,ELECTRONICS,BlueDart Logistics,228.1,54.8,44.7,20.3,52.4,0.2,0.06,2,0.89,1,0,17,1,8,2080799.29,27.9151,76.5562,2026-09-22T17:14:27.972373,2026-09-22T21:20:27.972373,2026-09-22T21:32:27.972373,0.3627877597085061,0,3.2,0
SHP-1245,MMX-84940527,NODE-MUM-106,NODE-PUN-162,Mumbai Major Hub 2,Pune Major Hub 2,ROUTE-541,NODE-MUM-106,IN_TRANSIT,STANDARD,FMCG,BlueDart Logistics,107.3,57.7,45.2,31.6,74.2,0.15,0.13,3,0.5,3,5,8,2,9,2384825.42,18.8,73.4133,2026-09-23T08:14:27.972373,2026-09-23T10:14:27.972373,2026-09-23T10:32:27.972373,0.33048517964721125,0,3.5,0
SHP-1246,MMX-82963514,NODE-HYD-155,NODE-HYD-156,Hyderabad Major Hub 2,Hyderabad Major Hub 3,ROUTE-589,NODE-HYD-155,DELAYED,CRITICAL_SLA,FMCG,BlueDart Logistics,9.1,30.6,55.7,23.0,46.1,0.86,0.2,4,0.8,8,4,23,1,5,1651065.53,17.3485,78.4875,2026-09-22T23:14:27.972373,2026-09-22T23:26:27.972373,2026-09-22T23:26:27.972373,0.5822749382079525,1,7.5,1
SHP-1247,MMX-70945449,NODE-PUN-161,NODE-PUN-162,Pune Major Hub 1,Pune Major Hub 2,ROUTE-590,NODE-PUN-162,DELIVERED,CRITICAL_SLA,AUTOMOTIVE,BlueDart Logistics,2.7,45.8,61.0,26.4,78.7,0.24,0.09,5,0.42,3,3,11,2,5,2467284.73,18.5718,73.8719,2026-09-23T11:14:27.972373,2026-09-23T11:14:27.972373,2026-09-23T11:14:27.972373,0.28125273444195226,0,5.9,0
SHP-1248,MMX-80339453,NODE-PORT-101,NODE-PORT-104,JNPT Nhava Sheva Port,Mundra Container Terminal,ROUTE-501,NODE-PORT-104,IN_TRANSIT,CRITICAL_SLA,INDUSTRIAL_EQUIPMENT,BlueDart Logistics,548.6,40.8,40.6,18.3,78.6,0.76,0.27,2,0.66,6,5,0,2,2,1991953.78,21.7638,70.5992,2026-09-23T00:14:27.972373,2026-09-23T10:14:27.972373,2026-09-23T12:56:27.972373,0.5023335383713144,1,5.0,1
SHP-1249,MMX-23254482,NODE-KOL-133,NODE-CUST-137,Kolkata Major Hub 1,Kolkata Zone 2 Retail Cluster,ROUTE-628,NODE-KOL-133,IN_TRANSIT,STANDARD,TEXTILES,BlueDart Logistics,12.1,53.7,44.7,27.0,45.0,0.54,0.2,1,0.85,1,1,0,2,3,2626803.69,22.5192,88.4756,2026-09-23T00:14:27.972373,2026-09-23T00:44:27.972373,2026-09-23T00:50:27.972373,0.47477271201405485,1,5.2,1
SHP-1250,MMX-72821834,NODE-PORT-101,NODE-PUN-162,JNPT Nhava Sheva Port,Pune Major Hub 2,ROUTE-509,NODE-PUN-162,IN_TRANSIT,CRITICAL_SLA,TEXTILES,BlueDart Logistics,105.8,66.0,54.7,25.4,71.6,0.32,0.26,3,0.66,4,4,17,1,2,88604.02,18.7197,73.5115,2026-09-22T17:14:27.972373,2026-09-22T19:08:27.972373,2026-09-22T19:38:27.972373,0.4072490855480478,0,3.7,0
SHP-1251,MMX-79724133,NODE-PUN-162,NODE-CUST-167,Pune Major Hub 2,Pune Zone 4 Retail Cluster,ROUTE-664,NODE-PUN-162,IN_TRANSIT,EXPRESS,ELECTRONICS,BlueDart Logistics,15.7,50.7,63.1,23.8,56.6,0.7,0.2,5,0.73,5,4,1,2,1,2216186.0,18.5918,73.85,2026-09-23T01:14:27.972373,2026-09-23T01:44:27.972373,2026-09-23T01:50:27.972373,0.41345580228324774,0,9.2,0
SHP-1252,MMX-58045029,NODE-PORT-104,NODE-AHM-142,Mundra Container Terminal,Ahmedabad Major Hub 3,ROUTE-525,NODE-AHM-142,IN_TRANSIT,CRITICAL_SLA,ELECTRONICS,BlueDart Logistics,298.2,32.7,46.6,20.7,69.6,0.58,0.28,2,0.71,9,5,0,3,9,1274794.57,22.8963,71.697,2026-09-24T00:14:27.972373,2026-09-24T05:38:27.972373,2026-09-24T07:08:27.972373,0.6533930973527388,1,5.9,1
SHP-1253,MMX-59891348,NODE-CHE-126,NODE-CUST-129,Chennai Major Hub 1,Chennai Zone 1 Retail Cluster,ROUTE-618,NODE-CUST-129,IN_TRANSIT,CRITICAL_SLA,INDUSTRIAL_EQUIPMENT,BlueDart Logistics,33.9,43.5,38.1,29.1,64.7,0.53,0.1,6,0.63,3,4,8,2,8,2803883.91,13.043,80.3181,2026-09-23T08:14:27.972373,2026-09-23T09:14:27.972373,2026-09-23T09:20:27.972373,0.5731078098506317,1,8.3,1
SHP-1254,MMX-48182550,NODE-DEL-113,NODE-CUST-117,Okhla Fulfilment Center (H02),Delhi NCR Zone 3 Retail Cluster,ROUTE-606,NODE-DEL-113,IN_TRANSIT,EXPRESS,INDUSTRIAL_EQUIPMENT,BlueDart Logistics,7.7,65.4,44.7,21.4,64.6,0.42,0.12,5,0.89,5,2,14,1,8,1370124.38,28.5811,77.1245,2026-09-22T14:14:27.972373,2026-09-22T14:44:27.972373,2026-09-22T14:50:27.972373,0.5101232630275574,1,5.6,1
SHP-1255,MMX-86593789,NODE-HYD-154,NODE-CUST-159,Hyderabad Major Hub 1,Hyderabad Zone 3 Retail Cluster,ROUTE-653,NODE-CUST-159,DELIVERED,CRITICAL_SLA,ELECTRONICS,BlueDart Logistics,18.8,27.4,61.7,18.1,84.3,0.28,0.14,3,0.43,1,5,23,2,5,2761380.64,17.2813,78.5337,2026-09-23T23:14:27.972373,2026-09-23T23:44:27.972373,2026-09-23T23:50:27.972373,0.33453150170229934,0,4.0,0
SHP-1256,MMX-20361818,NODE-JAI-147,NODE-CUST-153,Jaipur Major Hub 1,Jaipur Zone 4 Retail Cluster,ROUTE-647,NODE-CUST-153,DELIVERED,STANDARD,PHARMA,BlueDart Logistics,35.0,22.1,45.7,19.9,56.5,0.59,0.19,2,0.66,5,2,1,2,2,1732937.12,27.0626,75.9398,2026-09-23T01:14:27.972373,2026-09-23T02:14:27.972373,2026-09-23T02:26:27.972373,0.44428829635668743,0,4.6,0
SHP-1257,MMX-56698401,NODE-JAI-147,NODE-JAI-148,Jaipur Major Hub 1,Jaipur Major Hub 2,ROUTE-584,NODE-JAI-148,IN_TRANSIT,STANDARD,FMCG,BlueDart Logistics,16.3,46.9,62.0,27.8,76.9,0.18,0.19,6,0.66,5,0,9,2,7,281508.32,26.8218,75.8694,2026-09-23T09:14:27.972373,2026-09-23T09:32:27.972373,2026-09-23T09:38:27.972373,0.38934555745933114,0,3.6,0
SHP-1258,MMX-53866598,NODE-BEN-120,NODE-CUST-123,Bengaluru Major Hub 2,Bengaluru Zone 2 Retail Cluster,ROUTE-612,NODE-CUST-123,IN_TRANSIT,STANDARD,FMCG,BlueDart Logistics,15.7,67.8,41.8,27.1,67.1,0.11,0.19,6,0.56,7,0,21,1,5,1596930.89,13.0394,77.456,2026-09-22T21:14:27.972373,2026-09-22T21:44:27.972373,2026-09-22T21:50:27.972373,0.250116526719061,0,2.4,0
SHP-1259,MMX-21079017,NODE-PORT-103,NODE-CUST-138,Syama Prasad Mookerjee Port,Kolkata Zone 3 Retail Cluster,ROUTE-629,NODE-PORT-103,IN_TRANSIT,STANDARD,INDUSTRIAL_EQUIPMENT,BlueDart Logistics,21.4,28.4,55.2,32.0,83.7,0.74,0.08,5,0.68,9,0,9,2,4,1324210.23,22.5735,88.3584,2026-09-23T09:14:27.972373,2026-09-23T09:50:27.972373,2026-09-23T09:50:27.972373,0.5251909714073115,1,4.8,1
SHP-1260,MMX-85318641,NODE-CHE-126,NODE-CUST-131,Chennai Major Hub 1,Chennai Zone 3 Retail Cluster,ROUTE-622,NODE-CUST-131,DELAYED,CRITICAL_SLA,TEXTILES,BlueDart Logistics,22.8,22.7,47.0,19.2,62.6,0.76,0.14,2,0.63,3,3,0,2,9,634420.16,13.153,80.3457,2026-09-23T00:14:27.972373,2026-09-23T00:56:27.972373,2026-09-23T01:02:27.972373,0.6232317026714669,1,5.5,1
SHP-1261,MMX-89708841,NODE-PUN-162,NODE-CUST-164,Pune Major Hub 2,Pune Zone 1 Retail Cluster,ROUTE-658,NODE-PUN-162,DELAYED,CRITICAL_SLA,INDUSTRIAL_EQUIPMENT,BlueDart Logistics,20.4,33.5,37.1,28.9,54.6,0.89,0.19,1,0.73,2,5,10,2,7,1299444.78,18.5503,73.8221,2026-09-23T10:14:27.972373,2026-09-23T10:50:27.972373,2026-09-23T10:56:27.972373,0.5436534764210958,1,6.4,1
SHP-1262,MMX-25082279,NODE-PORT-101,NODE-HYD-154,JNPT Nhava Sheva Port,Hyderabad Major Hub 1,ROUTE-507,NODE-HYD-154,DELIVERED,STANDARD,AUTOMOTIVE,BlueDart Logistics,600.9,74.3,53.5,31.9,59.9,0.22,0.23,1,0.66,4,1,17,1,6,510174.09,17.3865,78.3948,2026-09-22T17:14:27.972373,2026-09-23T04:08:27.972373,2026-09-23T06:38:27.972373,0.34102373219691007,0,3.4,0
SHP-1263,MMX-37353754,NODE-PORT-102,NODE-BEN-121,Chennai Port Trust,Bengaluru Major Hub 3,ROUTE-514,NODE-BEN-121,IN_TRANSIT,CRITICAL_SLA,PHARMA,BlueDart Logistics,294.4,71.0,61.1,29.5,40.6,0.69,0.3,1,0.86,5,3,1,2,8,117106.94,13.0577,78.4774,2026-09-23T01:14:27.972373,2026-09-23T06:38:27.972373,2026-09-23T08:14:27.972373,0.4154366329965465,0,3.6,0
SHP-1264,MMX-92941828,NODE-AHM-140,NODE-CUST-146,Ahmedabad Major Hub 1,Ahmedabad Zone 4 Retail Cluster,ROUTE-640,NODE-AHM-140,IN_TRANSIT,EXPRESS,TEXTILES,BlueDart Logistics,9.7,50.2,53.7,31.9,71.3,0.67,0.19,4,0.43,10,5,0,2,9,178271.92,23.0941,72.4916,2026-09-23T00:14:27.972373,2026-09-23T00:44:27.972373,2026-09-23T00:50:27.972373,0.5267806179332855,1,8.7,1
SHP-1265,MMX-78255127,NODE-BEN-120,NODE-CHE-128,Bengaluru Major Hub 2,Chennai Major Hub 3,ROUTE-570,NODE-BEN-120,IN_TRANSIT,EXPRESS,ELECTRONICS,BlueDart Logistics,312.7,56.0,35.3,23.4,52.2,0.82,0.16,6,0.56,6,0,12,2,1,912861.95,12.9692,78.7059,2026-09-23T12:14:27.972373,2026-09-23T17:56:27.972373,2026-09-23T18:50:27.972373,0.388371592430342,0,5.9,0
SHP-1266,MMX-31072888,NODE-PORT-104,NODE-HYD-154,Mundra Container Terminal,Hyderabad Major Hub 1,ROUTE-526,NODE-PORT-104,IN_TRANSIT,EXPRESS,AUTOMOTIVE,BlueDart Logistics,1091.3,67.7,50.9,20.6,62.5,0.49,0.14,6,0.71,1,0,13,2,4,2770696.84,20.7486,73.0344,2026-09-23T13:14:27.972373,2026-09-24T09:02:27.972373,2026-09-24T11:50:27.972373,0.2706108409017575,0,5.5,0
SHP-1267,MMX-62726977,NODE-PORT-101,NODE-BEN-119,JNPT Nhava Sheva Port,Bengaluru Major Hub 1,ROUTE-505,NODE-PORT-101,IN_TRANSIT,CRITICAL_SLA,AUTOMOTIVE,BlueDart Logistics,832.7,39.4,53.8,21.3,84.0,0.53,0.28,1,0.66,5,3,9,2,1,2835203.26,17.1122,74.3991,2026-09-23T09:14:27.972373,2026-09-24T00:20:27.972373,2026-09-24T04:32:27.972373,0.5011205651965818,1,10.6,1
SHP-1268,MMX-70286467,NODE-MUM-105,NODE-PUN-163,Bhiwandi Central Mega Hub (H04),Pune Major Hub 3,ROUTE-536,NODE-PUN-163,DELIVERED,CRITICAL_SLA,ELECTRONICS,BlueDart Logistics,111.5,41.0,63.8,26.6,68.1,0.29,0.28,2,0.94,10,1,9,2,7,2913084.66,18.6214,73.8681,2026-09-23T09:14:27.972373,2026-09-23T11:14:27.972373,2026-09-23T11:50:27.972373,0.4019929311019683,0,3.6,0
SHP-1269,MMX-31212832,NODE-PORT-104,NODE-CUST-146,Mundra Container Terminal,Ahmedabad Zone 4 Retail Cluster,ROUTE-639,NODE-CUST-146,IN_TRANSIT,STANDARD,PHARMA,BlueDart Logistics,294.7,55.9,52.4,27.6,49.1,0.22,0.16,6,0.71,9,1,0,3,7,2987273.11,22.9858,71.4469,2026-09-24T00:14:27.972373,2026-09-24T08:38:27.972373,2026-09-24T09:56:27.972373,0.36749777566515085,0,3.7,0
SHP-1270,MMX-30395330,NODE-AHM-140,NODE-PUN-161,Ahmedabad Major Hub 1,Pune Major Hub 1,ROUTE-582,NODE-PUN-161,DELIVERED,CRITICAL_SLA,ELECTRONICS,BlueDart Logistics,522.6,49.3,56.6,20.6,77.8,0.22,0.28,1,0.43,6,3,5,2,7,944876.91,18.5882,73.891,2026-09-23T05:14:27.972373,2026-09-23T14:44:27.972373,2026-09-23T17:26:27.972373,0.3940370288643046,0,5.1,0
SHP-1271,MMX-27996802,NODE-DEL-112,NODE-DEL-114,Delhi NCR Major Hub 1,Delhi NCR Major Hub 3,ROUTE-549,NODE-DEL-112,IN_TRANSIT,STANDARD,ELECTRONICS,BlueDart Logistics,11.9,30.2,57.9,26.6,52.0,0.58,0.27,2,0.79,10,1,18,2,4,2077764.76,28.5716,77.2228,2026-09-23T18:14:27.972373,2026-09-23T18:26:27.972373,2026-09-23T18:32:27.972373,0.5575636644533059,1,6.2,1
SHP-1272,MMX-39870720,NODE-PORT-103,NODE-CUST-138,Syama Prasad Mookerjee Port,Kolkata Zone 3 Retail Cluster,ROUTE-629,NODE-CUST-138,IN_TRANSIT,EXPRESS,TEXTILES,BlueDart Logistics,21.4,59.2,46.2,29.9,62.1,0.22,0.08,2,0.68,4,0,14,2,7,2305389.62,22.6455,88.4409,2026-09-23T14:14:27.972373,2026-09-23T14:50:27.972373,2026-09-23T14:50:27.972373,0.23720689244102808,0,2.2,0
SHP-1273,MMX-51996390,NODE-DEL-112,NODE-JAI-149,Delhi NCR Major Hub 1,Jaipur Major Hub 3,ROUTE-552,NODE-JAI-149,DELIVERED,STANDARD,PHARMA,BlueDart Logistics,232.7,29.7,63.6,24.1,67.8,0.68,0.2,4,0.79,4,3,12,2,7,2339833.42,26.9562,75.7211,2026-09-23T12:14:27.972373,2026-09-23T16:26:27.972373,2026-09-23T17:14:27.972373,0.642658187607748,1,7.5,1
SHP-1274,MMX-15268263,NODE-DEL-112,NODE-CUST-115,Delhi NCR Major Hub 1,Delhi NCR Zone 1 Retail Cluster,ROUTE-601,NODE-CUST-115,IN_TRANSIT,CRITICAL_SLA,TEXTILES,BlueDart Logistics,11.6,51.5,51.1,27.0,71.7,0.13,0.09,1,0.79,8,3,13,2,1,2639450.82,28.5456,77.3019,2026-09-23T13:14:27.972373,2026-09-23T13:44:27.972373,2026-09-23T13:44:27.972373,0.32551165305097934,0,3.1,0
SHP-1275,MMX-72220513,NODE-JAI-147,NODE-CUST-151,Jaipur Major Hub 1,Jaipur Zone 2 Retail Cluster,ROUTE-643,NODE-CUST-151,AT_RISK,CRITICAL_SLA,FMCG,BlueDart Logistics,6.3,62.1,63.9,20.7,59.8,0.85,0.17,3,0.66,8,1,21,1,7,918538.19,26.8314,75.7172,2026-09-22T21:14:27.972373,2026-09-22T21:44:27.972373,2026-09-22T21:50:27.972373,0.48442456744760254,1,4.4,1
SHP-1276,MMX-71026547,NODE-BEN-120,NODE-CUST-125,Bengaluru Major Hub 2,Bengaluru Zone 4 Retail Cluster,ROUTE-616,NODE-CUST-125,IN_TRANSIT,CRITICAL_SLA,ELECTRONICS,BlueDart Logistics,15.6,47.5,40.4,26.2,80.2,0.56,0.11,4,0.56,7,2,0,2,8,123490.73,12.9053,77.452,2026-09-23T00:14:27.972373,2026-09-23T00:44:27.972373,2026-09-23T00:50:27.972373,0.4811051737131636,1,5.0,1
SHP-1277,MMX-78674708,NODE-PORT-104,NODE-AHM-141,Mundra Container Terminal,Ahmedabad Major Hub 2,ROUTE-524,NODE-AHM-141,DELIVERED,EXPRESS,AUTOMOTIVE,BlueDart Logistics,289.0,58.0,62.2,29.2,72.3,0.21,0.32,1,0.71,8,5,12,2,6,301654.3,23.003,72.516,2026-09-23T12:14:27.972373,2026-09-23T17:32:27.972373,2026-09-23T19:14:27.972373,0.48895298477867355,1,5.2,1
SHP-1278,MMX-69895766,NODE-PUN-161,NODE-CUST-164,Pune Major Hub 1,Pune Zone 1 Retail Cluster,ROUTE-657,NODE-PUN-161,AT_RISK,EXPRESS,PHARMA,BlueDart Logistics,23.0,50.3,36.3,20.4,55.1,0.84,0.05,2,0.42,3,1,7,2,3,2319012.55,18.5472,73.8046,2026-09-23T07:14:27.972373,2026-09-23T07:56:27.972373,2026-09-23T07:56:27.972373,0.35298915614206033,0,4.0,0
SHP-1279,MMX-41927492,NODE-CHE-126,NODE-CHE-127,Chennai Major Hub 1,Chennai Major Hub 2,ROUTE-574,NODE-CHE-127,DELIVERED,STANDARD,INDUSTRIAL_EQUIPMENT,BlueDart Logistics,15.9,26.5,38.9,20.8,68.0,0.32,0.26,4,0.63,8,3,19,2,9,2431990.96,13.0925,80.3404,2026-09-23T19:14:27.972373,2026-09-23T19:32:27.972373,2026-09-23T19:38:27.972373,0.5419901042495009,1,4.7,1
SHP-1280,MMX-17390556,NODE-DEL-113,NODE-JAI-149,Okhla Fulfilment Center (H02),Jaipur Major Hub 3,ROUTE-556,NODE-DEL-113,IN_TRANSIT,CRITICAL_SLA,TEXTILES,BlueDart Logistics,228.1,46.2,47.3,19.1,67.0,0.31,0.06,5,0.89,5,4,21,1,9,2469358.1,28.282,76.8756,2026-09-22T21:14:27.972373,2026-09-23T01:20:27.972373,2026-09-23T01:32:27.972373,0.451734320156912,1,6.4,1
SHP-1281,MMX-85454146,NODE-PUN-161,NODE-PUN-162,Pune Major Hub 1,Pune Major Hub 2,ROUTE-590,NODE-PUN-162,DELAYED,STANDARD,ELECTRONICS,BlueDart Logistics,2.7,67.0,55.0,29.7,53.4,0.88,0.09,1,0.42,2,3,0,3,3,525938.92,18.5787,73.88,2026-09-24T00:14:27.972373,2026-09-24T00:14:27.972373,2026-09-24T00:14:27.972373,0.4386758672625624,0,4.1,0
SHP-1282,MMX-54185620,NODE-MUM-107,NODE-PUN-162,Mumbai Major Hub 3,Pune Major Hub 2,ROUTE-546,NODE-MUM-107,IN_TRANSIT,CRITICAL_SLA,FMCG,BlueDart Logistics,108.9,51.8,62.9,19.3,53.5,0.41,0.18,4,0.55,2,3,5,2,9,241531.31,18.8991,73.1703,2026-09-23T05:14:27.972373,2026-09-23T07:14:27.972373,2026-09-23T07:38:27.972373,0.4581065337260523,1,4.1,1
SHP-1283,MMX-93650413,NODE-PORT-104,NODE-CUST-144,Mundra Container Terminal,Ahmedabad Zone 2 Retail Cluster,ROUTE-635,NODE-PORT-104,DELAYED,CRITICAL_SLA,FMCG,BlueDart Logistics,307.7,31.5,41.3,18.8,65.7,0.93,0.16,5,0.71,2,3,0,3,5,1309808.14,22.8984,70.695,2026-09-24T00:14:27.972373,2026-09-24T09:02:27.972373,2026-09-24T10:26:27.972373,0.6063008408072676,1,7.8,1
SHP-1284,MMX-93947919,NODE-PUN-161,NODE-PUN-163,Pune Major Hub 1,Pune Major Hub 3,ROUTE-591,NODE-PUN-161,IN_TRANSIT,CRITICAL_SLA,PHARMA,BlueDart Logistics,4.4,50.9,50.6,26.8,62.2,0.25,0.34,5,0.42,4,5,17,2,5,2938810.1,18.5959,73.8857,2026-09-23T17:14:27.972373,2026-09-23T17:20:27.972373,2026-09-23T17:20:27.972373,0.34360922505865765,0,6.7,0
SHP-1285,MMX-50303435,NODE-MUM-105,NODE-AHM-140,Bhiwandi Central Mega Hub (H04),Ahmedabad Major Hub 1,ROUTE-531,NODE-AHM-140,IN_TRANSIT,STANDARD,INDUSTRIAL_EQUIPMENT,BlueDart Logistics,448.0,64.0,65.0,23.8,55.0,0.58,0.13,6,0.94,4,0,7,2,4,2085550.33,21.9083,72.6097,2026-09-23T07:14:27.972373,2026-09-23T15:20:27.972373,2026-09-23T16:26:27.972373,0.5186516687328133,1,6.8,1
SHP-1286,MMX-73686372,NODE-KOL-133,NODE-CUST-138,Kolkata Major Hub 1,Kolkata Zone 3 Retail Cluster,ROUTE-630,NODE-CUST-138,DELIVERED,EXPRESS,TEXTILES,BlueDart Logistics,14.6,62.2,38.4,22.7,57.8,0.58,0.19,1,0.85,3,1,18,2,6,2509784.64,22.6722,88.4715,2026-09-23T18:14:27.972373,2026-09-23T18:44:27.972373,2026-09-23T18:50:27.972373,0.348895610023875,0,5.0,0
SHP-1287,MMX-84514623,NODE-PORT-101,NODE-PUN-163,JNPT Nhava Sheva Port,Pune Major Hub 3,ROUTE-510,NODE-PUN-163,DELIVERED,STANDARD,INDUSTRIAL_EQUIPMENT,BlueDart Logistics,103.3,46.5,53.8,30.5,64.2,0.38,0.07,4,0.66,1,4,8,2,5,1716580.79,18.6214,73.8681,2026-09-23T08:14:27.972373,2026-09-23T10:08:27.972373,2026-09-23T10:14:27.972373,0.36841074524822087,0,4.4,0
SHP-1288,MMX-32276047,NODE-AHM-140,NODE-CUST-145,Ahmedabad Major Hub 1,Ahmedabad Zone 3 Retail Cluster,ROUTE-638,NODE-CUST-145,DELIVERED,STANDARD,ELECTRONICS,BlueDart Logistics,10.7,51.8,45.0,30.8,75.8,0.16,0.08,2,0.43,5,0,22,2,6,2951675.37,23.1924,72.4892,2026-09-23T22:14:27.972373,2026-09-23T22:44:27.972373,2026-09-23T22:44:27.972373,0.28191586032422883,0,3.4,0
SHP-1289,MMX-39009803,NODE-JAI-147,NODE-CUST-153,Jaipur Major Hub 1,Jaipur Zone 4 Retail Cluster,ROUTE-647,NODE-JAI-147,AT_RISK,EXPRESS,TEXTILES,BlueDart Logistics,35.0,30.3,38.5,29.0,53.9,0.83,0.19,6,0.66,1,2,7,2,7,306053.47,26.9092,75.8224,2026-09-23T07:14:27.972373,2026-09-23T08:14:27.972373,2026-09-23T08:26:27.972373,0.5105495933867517,1,4.4,1
SHP-1290,MMX-51655640,NODE-PORT-104,NODE-CUST-144,Mundra Container Terminal,Ahmedabad Zone 2 Retail Cluster,ROUTE-635,NODE-CUST-144,IN_TRANSIT,STANDARD,AUTOMOTIVE,BlueDart Logistics,307.7,26.2,58.5,28.9,81.1,0.48,0.16,1,0.71,8,4,21,2,3,611124.45,22.9566,71.6875,2026-09-23T21:14:27.972373,2026-09-24T06:02:27.972373,2026-09-24T07:26:27.972373,0.48736502400897025,1,4.8,1
SHP-1291,MMX-54733393,NODE-JAI-147,NODE-JAI-148,Jaipur Major Hub 1,Jaipur Major Hub 2,ROUTE-584,NODE-JAI-148,IN_TRANSIT,STANDARD,PHARMA,BlueDart Logistics,16.3,65.2,63.1,27.5,46.0,0.72,0.19,4,0.66,7,5,17,1,9,391716.16,26.822,75.8706,2026-09-22T17:14:27.972373,2026-09-22T17:32:27.972373,2026-09-22T17:38:27.972373,0.5905938874821363,1,5.6,1
SHP-1292,MMX-69205536,NODE-CHE-126,NODE-CUST-130,Chennai Major Hub 1,Chennai Zone 2 Retail Cluster,ROUTE-620,NODE-CUST-130,DELIVERED,STANDARD,ELECTRONICS,BlueDart Logistics,23.7,48.6,54.8,22.4,66.0,0.37,0.05,2,0.63,6,1,8,2,4,895373.76,13.1933,80.438,2026-09-23T08:14:27.972373,2026-09-23T08:56:27.972373,2026-09-23T08:56:27.972373,0.3083499532670584,0,3.0,0
SHP-1293,MMX-87052108,NODE-MUM-105,NODE-AHM-140,Bhiwandi Central Mega Hub (H04),Ahmedabad Major Hub 1,ROUTE-531,NODE-AHM-140,DELIVERED,STANDARD,AUTOMOTIVE,BlueDart Logistics,448.0,28.7,38.4,31.4,65.2,0.19,0.13,5,0.94,6,4,6,2,6,849603.7,23.0976,72.4737,2026-09-23T06:14:27.972373,2026-09-23T14:20:27.972373,2026-09-23T15:26:27.972373,0.4650317621527894,1,5.5,1
SHP-1294,MMX-92720444,NODE-BEN-119,NODE-CHE-127,Bengaluru Major Hub 1,Chennai Major Hub 2,ROUTE-563,NODE-BEN-119,IN_TRANSIT,STANDARD,PHARMA,BlueDart Logistics,291.0,37.1,61.8,25.6,42.3,0.12,0.05,6,0.46,1,0,16,2,7,208709.63,13.0285,78.7953,2026-09-23T16:14:27.972373,2026-09-23T21:32:27.972373,2026-09-23T21:50:27.972373,0.2634801048510513,0,3.1,0
SHP-1295,MMX-51660066,NODE-PUN-162,NODE-PUN-163,Pune Major Hub 2,Pune Major Hub 3,ROUTE-592,NODE-PUN-162,IN_TRANSIT,EXPRESS,AUTOMOTIVE,BlueDart Logistics,5.5,65.0,56.4,27.4,64.0,0.93,0.05,4,0.73,10,1,17,2,2,2447910.5,18.5955,73.8701,2026-09-23T17:14:27.972373,2026-09-23T17:20:27.972373,2026-09-23T17:20:27.972373,0.5138507742982524,1,4.5,1
SHP-1296,MMX-74243595,NODE-CHE-126,NODE-CUST-130,Chennai Major Hub 1,Chennai Zone 2 Retail Cluster,ROUTE-620,NODE-CHE-126,IN_TRANSIT,STANDARD,FMCG,BlueDart Logistics,23.7,72.1,39.3,30.5,51.6,0.41,0.05,2,0.63,6,2,10,2,8,1488144.86,13.184,80.3254,2026-09-23T10:14:27.972373,2026-09-23T10:56:27.972373,2026-09-23T10:56:27.972373,0.37635452023696725,0,3.5,0
SHP-1297,MMX-42021033,NODE-PORT-102,NODE-CUST-130,Chennai Port Trust,Chennai Zone 2 Retail Cluster,ROUTE-619,NODE-PORT-102,IN_TRANSIT,EXPRESS,PHARMA,BlueDart Logistics,19.9,62.2,53.1,19.8,44.6,0.79,0.13,1,0.86,6,4,14,2,2,2387671.27,13.1357,80.3615,2026-09-23T14:14:27.972373,2026-09-23T14:50:27.972373,2026-09-23T14:56:27.972373,0.5694799937716626,1,6.2,1
SHP-1298,MMX-87066247,NODE-PUN-161,NODE-CUST-165,Pune Major Hub 1,Pune Zone 2 Retail Cluster,ROUTE-659,NODE-PUN-161,IN_TRANSIT,CRITICAL_SLA,PHARMA,BlueDart Logistics,16.4,28.7,49.5,18.9,49.4,0.69,0.14,4,0.42,7,4,16,1,6,1656354.3,18.6077,73.8542,2026-09-22T16:14:27.972373,2026-09-22T16:44:27.972373,2026-09-22T16:50:27.972373,0.5668649760438305,1,4.9,1
SHP-1299,MMX-53943990,NODE-PORT-103,NODE-CUST-136,Syama Prasad Mookerjee Port,Kolkata Zone 1 Retail Cluster,ROUTE-625,NODE-CUST-136,DELIVERED,CRITICAL_SLA,ELECTRONICS,BlueDart Logistics,14.0,52.8,44.8,19.4,60.0,0.36,0.14,4,0.68,2,4,12,2,2,2072250.61,22.4224,88.2722,2026-09-23T12:14:27.972373,2026-09-23T12:44:27.972373,2026-09-23T12:50:27.972373,0.4006431059419481,0,5.7,0
SHP-1300,MMX-70016768,NODE-PORT-103,NODE-CUST-137,Syama Prasad Mookerjee Port,Kolkata Zone 2 Retail Cluster,ROUTE-627,NODE-PORT-103,IN_TRANSIT,CRITICAL_SLA,INDUSTRIAL_EQUIPMENT,BlueDart Logistics,22.8,23.4,41.5,19.9,66.1,0.74,0.06,1,0.68,3,5,0,3,3,1386274.54,22.4994,88.403,2026-09-24T00:14:27.972373,2026-09-24T00:56:27.972373,2026-09-24T00:56:27.972373,0.5704814420961808,1,5.7,1
SHP-1301,MMX-49484797,NODE-DEL-112,NODE-JAI-148,Delhi NCR Major Hub 1,Jaipur Major Hub 2,ROUTE-551,NODE-DEL-112,IN_TRANSIT,CRITICAL_SLA,PHARMA,BlueDart Logistics,233.4,68.3,44.0,29.1,70.6,0.88,0.12,4,0.79,6,0,20,1,1,1853897.73,27.8087,76.6626,2026-09-22T20:14:27.972373,2026-09-23T00:26:27.972373,2026-09-23T00:56:27.972373,0.4010502494538964,0,4.2,0
SHP-1302,MMX-64496780,NODE-PORT-102,NODE-CHE-127,Chennai Port Trust,Chennai Major Hub 2,ROUTE-516,NODE-CHE-127,IN_TRANSIT,CRITICAL_SLA,AUTOMOTIVE,BlueDart Logistics,5.2,73.2,35.0,25.8,84.0,0.19,0.25,3,0.86,1,1,12,2,7,2121554.55,13.089,80.3209,2026-09-23T12:14:27.972373,2026-09-23T12:20:27.972373,2026-09-23T12:20:27.972373,0.33049094799015155,0,3.9,0
SHP-1303,MMX-19629584,NODE-MUM-105,NODE-CUST-110,Bhiwandi Central Mega Hub (H04),Mumbai Zone 3 Retail Cluster,ROUTE-598,NODE-MUM-105,IN_TRANSIT,CRITICAL_SLA,FMCG,BlueDart Logistics,11.2,31.6,40.2,19.9,65.0,0.82,0.09,3,0.94,7,1,12,1,5,2992495.33,19.1151,72.9287,2026-09-22T12:14:27.972373,2026-09-22T12:44:27.972373,2026-09-22T12:44:27.972373,0.5573646802561631,1,6.8,1
SHP-1304,MMX-70404120,NODE-PORT-101,NODE-BEN-119,JNPT Nhava Sheva Port,Bengaluru Major Hub 1,ROUTE-505,NODE-BEN-119,IN_TRANSIT,CRITICAL_SLA,PHARMA,BlueDart Logistics,832.7,68.7,54.7,31.6,46.1,0.22,0.28,4,0.66,8,5,23,2,7,1888583.02,15.9263,75.3342,2026-09-23T23:14:27.972373,2026-09-24T14:20:27.972373,2026-09-24T18:32:27.972373,0.5085185132716733,1,4.8,1
SHP-1305,MMX-74863150,NODE-PORT-101,NODE-CUST-111,JNPT Nhava Sheva Port,Mumbai Zone 4 Retail Cluster,ROUTE-599,NODE-CUST-111,IN_TRANSIT,STANDARD,AUTOMOTIVE,BlueDart Logistics,18.0,30.2,53.1,26.1,78.1,0.3,0.09,5,0.66,5,3,0,3,9,1750239.44,18.9225,72.8102,2026-09-24T00:14:27.972373,2026-09-24T00:44:27.972373,2026-09-24T00:44:27.972373,0.4189549203017926,0,4.9,0
SHP-1306,MMX-94646134,NODE-PORT-101,NODE-CUST-109,JNPT Nhava Sheva Port,Mumbai Zone 2 Retail Cluster,ROUTE-595,NODE-PORT-101,IN_TRANSIT,CRITICAL_SLA,ELECTRONICS,BlueDart Logistics,23.8,46.5,55.7,20.0,72.9,0.94,0.11,3,0.66,8,4,18,2,2,1593902.54,18.9937,72.9374,2026-09-23T18:14:27.972373,2026-09-23T18:56:27.972373,2026-09-23T19:02:27.972373,0.5498663691654392,1,5.7,1
SHP-1307,MMX-66507825,NODE-PORT-103,NODE-KOL-134,Syama Prasad Mookerjee Port,Kolkata Major Hub 2,ROUTE-520,NODE-KOL-134,DELIVERED,CRITICAL_SLA,INDUSTRIAL_EQUIPMENT,BlueDart Logistics,6.8,49.7,52.4,26.6,80.7,0.55,0.12,1,0.68,8,3,9,2,9,2722862.49,22.5321,88.386,2026-09-23T09:14:27.972373,2026-09-23T09:20:27.972373,2026-09-23T09:20:27.972373,0.5793832447894213,1,5.3,1
SHP-1308,MMX-93794410,NODE-PUN-161,NODE-PUN-163,Pune Major Hub 1,Pune Major Hub 3,ROUTE-591,NODE-PUN-161,IN_TRANSIT,EXPRESS,AUTOMOTIVE,BlueDart Logistics,4.4,29.2,55.9,26.4,53.7,0.77,0.34,3,0.42,1,5,6,2,8,1755516.21,18.5944,73.8867,2026-09-23T06:14:27.972373,2026-09-23T06:20:27.972373,2026-09-23T06:20:27.972373,0.5779214305582084,1,7.4,1
SHP-1309,MMX-89426041,NODE-PORT-101,NODE-HYD-154,JNPT Nhava Sheva Port,Hyderabad Major Hub 1,ROUTE-507,NODE-HYD-154,DELIVERED,EXPRESS,AUTOMOTIVE,BlueDart Logistics,600.9,24.5,50.2,29.9,52.5,0.21,0.23,3,0.66,5,2,23,1,1,2237216.04,17.3865,78.3948,2026-09-22T23:14:27.972373,2026-09-23T10:08:27.972373,2026-09-23T12:38:27.972373,0.39685486905850187,0,5.3,0
SHP-1310,MMX-76565050,NODE-MUM-106,NODE-AHM-142,Mumbai Major Hub 2,Ahmedabad Major Hub 3,ROUTE-539,NODE-AHM-142,DELIVERED,EXPRESS,INDUSTRIAL_EQUIPMENT,BlueDart Logistics,435.4,40.3,40.3,29.0,50.6,0.25,0.33,5,0.5,1,2,21,1,2,2903669.62,22.922,72.6094,2026-09-22T21:14:27.972373,2026-09-23T05:08:27.972373,2026-09-23T07:44:27.972373,0.28539036737830537,0,3.7,0
SHP-1311,MMX-81473736,NODE-DEL-113,NODE-CUST-117,Okhla Fulfilment Center (H02),Delhi NCR Zone 3 Retail Cluster,ROUTE-606,NODE-DEL-113,DELAYED,STANDARD,FMCG,BlueDart Logistics,7.7,56.3,56.8,20.3,66.0,0.82,0.12,1,0.89,5,0,18,2,1,544421.17,28.5804,77.0981,2026-09-23T18:14:27.972373,2026-09-23T18:44:27.972373,2026-09-23T18:50:27.972373,0.423615939838639,0,5.9,0
SHP-1312,MMX-23068017,NODE-BEN-119,NODE-BEN-120,Bengaluru Major Hub 1,Bengaluru Major Hub 2,ROUTE-560,NODE-BEN-120,DELIVERED,CRITICAL_SLA,FMCG,BlueDart Logistics,17.8,58.8,49.2,20.0,79.2,0.11,0.14,4,0.46,7,5,14,1,6,2887200.03,12.974,77.4923,2026-09-22T14:14:27.972373,2026-09-22T14:32:27.972373,2026-09-22T14:32:27.972373,0.4274388425993595,0,6.1,0
SHP-1313,MMX-89017236,NODE-PORT-104,NODE-CUST-145,Mundra Container Terminal,Ahmedabad Zone 3 Retail Cluster,ROUTE-637,NODE-CUST-145,DELIVERED,EXPRESS,INDUSTRIAL_EQUIPMENT,BlueDart Logistics,288.1,72.6,48.0,30.9,78.6,0.38,0.12,3,0.71,2,2,3,2,7,1410270.35,23.1924,72.4892,2026-09-23T03:14:27.972373,2026-09-23T11:26:27.972373,2026-09-23T12:26:27.972373,0.42677081744940154,0,5.1,0
SHP-1314,MMX-57179735,NODE-DEL-112,NODE-JAI-147,Delhi NCR Major Hub 1,Jaipur Major Hub 1,ROUTE-550,NODE-JAI-147,DELIVERED,EXPRESS,TEXTILES,BlueDart Logistics,244.9,57.3,64.8,22.4,40.5,0.11,0.15,1,0.79,1,3,16,2,2,1599529.58,26.8026,75.7407,2026-09-23T16:14:27.972373,2026-09-23T20:44:27.972373,2026-09-23T21:26:27.972373,0.328675481800032,0,5.0,0
SHP-1315,MMX-60460287,NODE-DEL-114,NODE-JAI-147,Delhi NCR Major Hub 3,Jaipur Major Hub 1,ROUTE-557,NODE-DEL-114,IN_TRANSIT,EXPRESS,INDUSTRIAL_EQUIPMENT,BlueDart Logistics,245.1,33.9,36.0,26.7,42.6,0.61,0.14,2,0.67,10,5,20,1,2,2138821.56,28.2394,76.8496,2026-09-22T20:14:27.972373,2026-09-23T00:44:27.972373,2026-09-23T01:20:27.972373,0.5702739403577165,1,6.3,1
SHP-1316,MMX-61378412,NODE-JAI-147,NODE-CUST-152,Jaipur Major Hub 1,Jaipur Zone 3 Retail Cluster,ROUTE-645,NODE-JAI-147,IN_TRANSIT,STANDARD,PHARMA,BlueDart Logistics,8.8,58.3,42.6,24.5,82.1,0.64,0.13,3,0.66,7,5,15,1,6,809142.96,26.8122,75.7123,2026-09-22T15:14:27.972373,2026-09-22T15:44:27.972373,2026-09-22T15:50:27.972373,0.5340501920816381,1,5.9,1
SHP-1317,MMX-39311339,NODE-MUM-105,NODE-CUST-111,Bhiwandi Central Mega Hub (H04),Mumbai Zone 4 Retail Cluster,ROUTE-600,NODE-MUM-105,AT_RISK,STANDARD,AUTOMOTIVE,BlueDart Logistics,24.9,34.2,59.4,20.5,43.1,0.93,0.18,2,0.94,10,3,15,2,3,1954175.37,19.0476,72.8943,2026-09-23T15:14:27.972373,2026-09-23T15:56:27.972373,2026-09-23T16:02:27.972373,0.6395976485647481,1,6.6,1
SHP-1318,MMX-15078212,NODE-PUN-162,NODE-CUST-164,Pune Major Hub 2,Pune Zone 1 Retail Cluster,ROUTE-658,NODE-CUST-164,DELIVERED,STANDARD,INDUSTRIAL_EQUIPMENT,BlueDart Logistics,20.4,70.2,56.5,19.4,43.3,0.59,0.19,3,0.73,8,0,12,1,8,489120.11,18.4958,73.6963,2026-09-22T12:14:27.972373,2026-09-22T12:50:27.972373,2026-09-22T12:56:27.972373,0.45948666217032724,1,5.6,1
SHP-1319,MMX-61596498,NODE-MUM-105,NODE-CUST-111,Bhiwandi Central Mega Hub (H04),Mumbai Zone 4 Retail Cluster,ROUTE-600,NODE-CUST-111,AT_RISK,STANDARD,AUTOMOTIVE,BlueDart Logistics,24.9,58.5,62.1,26.0,63.2,0.9,0.18,4,0.94,8,3,12,1,7,2539945.0,18.9993,72.8529,2026-09-22T12:14:27.972373,2026-09-22T12:56:27.972373,2026-09-22T13:02:27.972373,0.6462083176244222,1,5.7,1
SHP-1320,MMX-48917593,NODE-CHE-126,NODE-CUST-132,Chennai Major Hub 1,Chennai Zone 4 Retail Cluster,ROUTE-624,NODE-CHE-126,IN_TRANSIT,CRITICAL_SLA,ELECTRONICS,BlueDart Logistics,23.1,49.4,64.7,22.7,53.6,0.15,0.05,6,0.63,2,2,17,2,9,2567359.13,13.1897,80.2617,2026-09-23T17:14:27.972373,2026-09-23T17:56:27.972373,2026-09-23T17:56:27.972373,0.31949284728161587,0,5.3,0
SHP-1321,MMX-14791343,NODE-DEL-112,NODE-JAI-149,Delhi NCR Major Hub 1,Jaipur Major Hub 3,ROUTE-552,NODE-JAI-149,DELAYED,CRITICAL_SLA,PHARMA,BlueDart Logistics,232.7,22.2,46.5,20.7,71.3,0.86,0.2,6,0.79,6,3,20,1,2,2661381.76,27.4934,76.2313,2026-09-22T20:14:27.972373,2026-09-23T00:26:27.972373,2026-09-23T01:14:27.972373,0.5903497982496361,1,7.5,1
SHP-1322,MMX-64426343,NODE-DEL-112,NODE-JAI-147,Delhi NCR Major Hub 1,Jaipur Major Hub 1,ROUTE-550,NODE-DEL-112,IN_TRANSIT,CRITICAL_SLA,ELECTRONICS,BlueDart Logistics,244.9,74.8,42.2,23.4,75.7,0.65,0.15,4,0.79,9,3,14,1,1,159275.91,27.88,76.6624,2026-09-22T14:14:27.972373,2026-09-22T18:44:27.972373,2026-09-22T19:26:27.972373,0.5047578512718457,1,4.3,1
SHP-1323,MMX-92996496,NODE-MUM-105,NODE-AHM-140,Bhiwandi Central Mega Hub (H04),Ahmedabad Major Hub 1,ROUTE-531,NODE-AHM-140,IN_TRANSIT,CRITICAL_SLA,PHARMA,BlueDart Logistics,448.0,56.7,48.8,27.5,79.3,0.23,0.13,5,0.94,4,0,18,2,1,2219606.18,21.5259,72.6534,2026-09-23T18:14:27.972373,2026-09-24T02:20:27.972373,2026-09-24T03:26:27.972373,0.24758896583832635,0,4.2,0
SHP-1324,MMX-25324937,NODE-PORT-102,NODE-BEN-119,Chennai Port Trust,Bengaluru Major Hub 1,ROUTE-512,NODE-BEN-119,AT_RISK,CRITICAL_SLA,PHARMA,BlueDart Logistics,285.9,55.7,35.4,26.9,80.7,0.8,0.22,1,0.86,8,4,18,1,3,2514288.86,13.0098,78.3882,2026-09-22T18:14:27.972373,2026-09-22T23:26:27.972373,2026-09-23T00:32:27.972373,0.677619363784273,1,5.9,1
SHP-1325,MMX-38619492,NODE-KOL-133,NODE-CUST-137,Kolkata Major Hub 1,Kolkata Zone 2 Retail Cluster,ROUTE-628,NODE-CUST-137,IN_TRANSIT,CRITICAL_SLA,TEXTILES,BlueDart Logistics,12.1,32.1,59.1,24.0,76.5,0.93,0.2,6,0.85,7,2,8,2,2,2928767.14,22.4893,88.4917,2026-09-23T08:14:27.972373,2026-09-23T08:44:27.972373,2026-09-23T08:50:27.972373,0.48969913092501494,1,4.7,1
SHP-1326,MMX-31173338,NODE-PORT-102,NODE-BEN-119,Chennai Port Trust,Bengaluru Major Hub 1,ROUTE-512,NODE-PORT-102,IN_TRANSIT,STANDARD,TEXTILES,BlueDart Logistics,285.9,38.5,38.6,20.0,58.7,0.69,0.22,5,0.86,3,3,12,2,4,2780742.82,13.059,79.6514,2026-09-23T12:14:27.972373,2026-09-23T17:26:27.972373,2026-09-23T18:32:27.972373,0.43679056936061345,0,5.3,0
SHP-1327,MMX-65301908,NODE-PORT-101,NODE-BEN-119,JNPT Nhava Sheva Port,Bengaluru Major Hub 1,ROUTE-505,NODE-PORT-101,IN_TRANSIT,STANDARD,FMCG,BlueDart Logistics,832.7,20.3,40.4,19.2,69.3,0.85,0.28,4,0.66,8,5,16,2,3,658172.64,16.9226,74.5486,2026-09-23T16:14:27.972373,2026-09-24T07:20:27.972373,2026-09-24T11:32:27.972373,0.7054055436750035,1,6.2,1
SHP-1328,MMX-22842469,NODE-BEN-119,NODE-CHE-126,Bengaluru Major Hub 1,Chennai Major Hub 1,ROUTE-562,NODE-BEN-119,IN_TRANSIT,CRITICAL_SLA,PHARMA,BlueDart Logistics,278.5,58.0,52.9,28.0,67.5,0.17,0.3,3,0.46,6,3,21,2,1,1695245.69,13.0264,78.2519,2026-09-23T21:14:27.972373,2026-09-24T02:20:27.972373,2026-09-24T03:50:27.972373,0.3510831346981468,0,5.0,0
SHP-1329,MMX-17251463,NODE-PUN-161,NODE-CUST-165,Pune Major Hub 1,Pune Zone 2 Retail Cluster,ROUTE-659,NODE-CUST-165,IN_TRANSIT,CRITICAL_SLA,AUTOMOTIVE,BlueDart Logistics,16.4,47.9,48.9,26.8,49.4,0.15,0.14,1,0.42,3,5,14,1,8,1517668.77,18.6327,73.8069,2026-09-22T14:14:27.972373,2026-09-22T14:44:27.972373,2026-09-22T14:50:27.972373,0.39970599085260783,0,5.5,0
SHP-1330,MMX-19510600,NODE-MUM-105,NODE-CUST-108,Bhiwandi Central Mega Hub (H04),Mumbai Zone 1 Retail Cluster,ROUTE-594,NODE-MUM-105,IN_TRANSIT,STANDARD,AUTOMOTIVE,BlueDart Logistics,12.6,43.9,45.0,29.3,74.1,0.14,0.19,6,0.94,1,4,19,1,3,516234.55,19.0632,72.8811,2026-09-22T19:14:27.972373,2026-09-22T19:44:27.972373,2026-09-22T19:50:27.972373,0.38941727546321403,0,4.2,0
SHP-1331,MMX-39616854,NODE-BEN-119,NODE-BEN-121,Bengaluru Major Hub 1,Bengaluru Major Hub 3,ROUTE-561,NODE-BEN-121,IN_TRANSIT,EXPRESS,INDUSTRIAL_EQUIPMENT,BlueDart Logistics,11.3,52.6,44.8,20.8,70.5,0.38,0.27,1,0.46,6,1,12,2,2,749499.17,13.0293,77.5947,2026-09-23T12:14:27.972373,2026-09-23T12:26:27.972373,2026-09-23T12:32:27.972373,0.3293876613576543,0,2.8,0
SHP-1332,MMX-46197787,NODE-PORT-103,NODE-KOL-133,Syama Prasad Mookerjee Port,Kolkata Major Hub 1,ROUTE-519,NODE-KOL-133,DELIVERED,CRITICAL_SLA,FMCG,BlueDart Logistics,14.8,46.6,61.7,20.0,81.8,0.49,0.32,4,0.68,6,1,10,2,8,2173472.59,22.541,88.4638,2026-09-23T10:14:27.972373,2026-09-23T10:32:27.972373,2026-09-23T10:38:27.972373,0.4276372814257084,0,4.0,0
SHP-1333,MMX-95630804,NODE-DEL-112,NODE-JAI-149,Delhi NCR Major Hub 1,Jaipur Major Hub 3,ROUTE-552,NODE-JAI-149,DELIVERED,STANDARD,AUTOMOTIVE,BlueDart Logistics,232.7,21.8,52.1,21.9,45.0,0.5,0.2,4,0.79,3,2,22,1,4,2664906.47,26.9562,75.7211,2026-09-22T22:14:27.972373,2026-09-23T02:26:27.972373,2026-09-23T03:14:27.972373,0.4792902279096863,1,5.2,1
SHP-1334,MMX-43105363,NODE-PUN-161,NODE-CUST-164,Pune Major Hub 1,Pune Zone 1 Retail Cluster,ROUTE-657,NODE-CUST-164,DELIVERED,CRITICAL_SLA,PHARMA,BlueDart Logistics,23.0,73.4,60.7,19.2,78.6,0.52,0.05,2,0.42,10,3,15,2,8,873554.09,18.4958,73.6963,2026-09-23T15:14:27.972373,2026-09-23T15:56:27.972373,2026-09-23T15:56:27.972373,0.4251419144243945,0,8.4,0
SHP-1335,MMX-14512474,NODE-BEN-119,NODE-CHE-128,Bengaluru Major Hub 1,Chennai Major Hub 3,ROUTE-564,NODE-CHE-128,DELIVERED,EXPRESS,AUTOMOTIVE,BlueDart Logistics,294.9,51.9,61.8,26.3,46.7,0.59,0.07,1,0.46,7,0,20,2,1,2974256.84,12.9626,80.378,2026-09-23T20:14:27.972373,2026-09-24T01:38:27.972373,2026-09-24T02:02:27.972373,0.36725598667088755,0,4.3,0
SHP-1336,MMX-96924795,NODE-BEN-119,NODE-CUST-122,Bengaluru Major Hub 1,Bengaluru Zone 1 Retail Cluster,ROUTE-609,NODE-BEN-119,IN_TRANSIT,EXPRESS,TEXTILES,BlueDart Logistics,13.4,46.4,58.9,29.5,60.4,0.3,0.11,5,0.46,1,5,3,2,7,2852304.99,12.9608,77.7012,2026-09-23T03:14:27.972373,2026-09-23T03:44:27.972373,2026-09-23T03:50:27.972373,0.3706471309248931,0,3.5,0
SHP-1337,MMX-94195455,NODE-PORT-104,NODE-AHM-141,Mundra Container Terminal,Ahmedabad Major Hub 2,ROUTE-524,NODE-AHM-141,IN_TRANSIT,EXPRESS,ELECTRONICS,BlueDart Logistics,289.0,56.8,39.9,24.4,65.7,0.6,0.32,4,0.71,8,1,12,1,7,595589.93,22.936,71.358,2026-09-22T12:14:27.972373,2026-09-22T17:32:27.972373,2026-09-22T19:14:27.972373,0.46722514016037436,1,5.2,1
SHP-1338,MMX-79086760,NODE-PORT-103,NODE-KOL-133,Syama Prasad Mookerjee Port,Kolkata Major Hub 1,ROUTE-519,NODE-KOL-133,DELAYED,CRITICAL_SLA,FMCG,BlueDart Logistics,14.8,38.3,36.0,24.0,52.1,0.9,0.32,5,0.68,10,1,15,1,2,1880342.88,22.5407,88.4156,2026-09-22T15:14:27.972373,2026-09-22T15:32:27.972373,2026-09-22T15:38:27.972373,0.5189307079173504,1,5.3,1
SHP-1339,MMX-97112459,NODE-MUM-105,NODE-CUST-108,Bhiwandi Central Mega Hub (H04),Mumbai Zone 1 Retail Cluster,ROUTE-594,NODE-MUM-105,IN_TRANSIT,STANDARD,ELECTRONICS,BlueDart Logistics,12.6,41.1,49.0,18.6,56.5,0.65,0.19,6,0.94,2,4,19,1,4,458297.13,19.0731,72.8989,2026-09-22T19:14:27.972373,2026-09-22T19:44:27.972373,2026-09-22T19:50:27.972373,0.5261465727137813,1,6.3,1
SHP-1340,MMX-75260270,NODE-PORT-102,NODE-CUST-132,Chennai Port Trust,Chennai Zone 4 Retail Cluster,ROUTE-623,NODE-PORT-102,IN_TRANSIT,CRITICAL_SLA,INDUSTRIAL_EQUIPMENT,BlueDart Logistics,22.6,67.9,56.1,28.5,74.2,0.37,0.18,3,0.86,9,5,16,2,7,867578.74,13.1502,80.3455,2026-09-23T16:14:27.972373,2026-09-23T16:50:27.972373,2026-09-23T16:56:27.972373,0.5053137723598013,1,4.4,1
SHP-1341,MMX-20327693,NODE-PORT-103,NODE-CUST-138,Syama Prasad Mookerjee Port,Kolkata Zone 3 Retail Cluster,ROUTE-629,NODE-CUST-138,IN_TRANSIT,STANDARD,TEXTILES,BlueDart Logistics,21.4,45.9,51.0,29.6,80.5,0.48,0.08,3,0.68,2,1,6,2,8,307560.81,22.6429,88.438,2026-09-23T06:14:27.972373,2026-09-23T06:50:27.972373,2026-09-23T06:50:27.972373,0.34888898022167847,0,4.7,0
SHP-1342,MMX-96528081,NODE-MUM-105,NODE-MUM-106,Bhiwandi Central Mega Hub (H04),Mumbai Major Hub 2,ROUTE-528,NODE-MUM-105,DELAYED,EXPRESS,PHARMA,BlueDart Logistics,8.8,26.2,39.4,20.1,49.2,0.91,0.07,1,0.94,5,3,16,2,9,2798578.34,19.0635,72.9467,2026-09-23T16:14:27.972373,2026-09-23T16:26:27.972373,2026-09-23T16:26:27.972373,0.6826843605745957,1,6.7,1
SHP-1343,MMX-83614224,NODE-PORT-101,NODE-AHM-142,JNPT Nhava Sheva Port,Ahmedabad Major Hub 3,ROUTE-506,NODE-AHM-142,DELIVERED,STANDARD,AUTOMOTIVE,BlueDart Logistics,443.1,23.5,61.2,21.3,82.6,0.65,0.33,4,0.66,10,2,21,2,6,1484137.76,22.922,72.6094,2026-09-23T21:14:27.972373,2026-09-24T05:20:27.972373,2026-09-24T08:02:27.972373,0.6117483285554361,1,9.2,1
SHP-1344,MMX-81848989,NODE-BEN-120,NODE-CUST-124,Bengaluru Major Hub 2,Bengaluru Zone 3 Retail Cluster,ROUTE-614,NODE-CUST-124,IN_TRANSIT,EXPRESS,FMCG,BlueDart Logistics,23.3,51.2,61.9,22.3,75.5,0.29,0.14,3,0.56,5,0,22,1,3,1091706.64,13.044,77.6531,2026-09-22T22:14:27.972373,2026-09-22T22:56:27.972373,2026-09-22T23:02:27.972373,0.2551528412314435,0,2.7,0
SHP-1345,MMX-14655890,NODE-CHE-126,NODE-CHE-127,Chennai Major Hub 1,Chennai Major Hub 2,ROUTE-574,NODE-CHE-126,IN_TRANSIT,STANDARD,PHARMA,BlueDart Logistics,15.9,66.2,55.8,27.3,46.9,0.3,0.26,1,0.63,6,4,23,2,3,1350621.48,13.1522,80.2538,2026-09-23T23:14:27.972373,2026-09-23T23:32:27.972373,2026-09-23T23:38:27.972373,0.38194808471908387,0,4.4,0
SHP-1346,MMX-78103287,NODE-AHM-140,NODE-PUN-161,Ahmedabad Major Hub 1,Pune Major Hub 1,ROUTE-582,NODE-AHM-140,AT_RISK,STANDARD,AUTOMOTIVE,BlueDart Logistics,522.6,40.5,51.2,20.3,53.6,0.88,0.28,4,0.43,8,1,22,2,8,2787043.3,22.4076,72.6906,2026-09-23T22:14:27.972373,2026-09-24T07:44:27.972373,2026-09-24T10:26:27.972373,0.5521024968678818,1,7.9,1
SHP-1347,MMX-28713077,NODE-JAI-147,NODE-JAI-149,Jaipur Major Hub 1,Jaipur Major Hub 3,ROUTE-585,NODE-JAI-149,AT_RISK,CRITICAL_SLA,INDUSTRIAL_EQUIPMENT,BlueDart Logistics,17.2,36.3,61.9,31.6,73.9,0.94,0.31,6,0.66,3,4,14,1,8,1049119.07,26.9043,75.7277,2026-09-22T14:14:27.972373,2026-09-22T14:32:27.972373,2026-09-22T14:38:27.972373,0.5435957829251339,1,4.8,1
SHP-1348,MMX-82264474,NODE-JAI-148,NODE-CUST-150,Jaipur Major Hub 2,Jaipur Zone 1 Retail Cluster,ROUTE-642,NODE-JAI-148,IN_TRANSIT,EXPRESS,ELECTRONICS,BlueDart Logistics,30.2,21.4,53.5,21.1,56.1,0.38,0.19,5,0.63,4,4,17,1,9,705324.38,26.8593,75.8232,2026-09-22T17:14:27.972373,2026-09-22T18:08:27.972373,2026-09-22T18:20:27.972373,0.45712681128117233,1,7.2,1
SHP-1349,MMX-59610894,NODE-BEN-119,NODE-CUST-125,Bengaluru Major Hub 1,Bengaluru Zone 4 Retail Cluster,ROUTE-615,NODE-CUST-125,DELIVERED,CRITICAL_SLA,INDUSTRIAL_EQUIPMENT,BlueDart Logistics,29.3,72.7,64.3,23.5,62.1,0.61,0.16,5,0.46,1,5,15,2,6,1222796.09,12.852,77.4207,2026-09-23T15:14:27.972373,2026-09-23T16:02:27.972373,2026-09-23T16:08:27.972373,0.41757778893737824,0,4.9,0
SHP-1350,MMX-65592149,NODE-PORT-101,NODE-CUST-111,JNPT Nhava Sheva Port,Mumbai Zone 4 Retail Cluster,ROUTE-599,NODE-PORT-101,IN_TRANSIT,STANDARD,AUTOMOTIVE,BlueDart Logistics,18.0,35.7,45.5,31.7,79.3,0.17,0.09,6,0.66,8,5,15,2,7,2420872.24,18.9413,72.9057,2026-09-23T15:14:27.972373,2026-09-23T15:44:27.972373,2026-09-23T15:44:27.972373,0.4168276424144077,0,3.6,0
SHP-1351,MMX-33473742,NODE-MUM-105,NODE-PUN-163,Bhiwandi Central Mega Hub (H04),Pune Major Hub 3,ROUTE-536,NODE-PUN-163,IN_TRANSIT,CRITICAL_SLA,TEXTILES,BlueDart Logistics,111.5,24.7,41.2,24.6,79.0,0.94,0.28,1,0.94,10,3,14,2,2,69525.66,18.72,73.6715,2026-09-23T14:14:27.972373,2026-09-23T16:14:27.972373,2026-09-23T16:50:27.972373,0.6915453782799003,1,6.3,1
SHP-1352,MMX-40134594,NODE-JAI-147,NODE-CUST-151,Jaipur Major Hub 1,Jaipur Zone 2 Retail Cluster,ROUTE-643,NODE-CUST-151,DELIVERED,CRITICAL_SLA,FMCG,BlueDart Logistics,6.3,51.2,62.4,20.8,77.5,0.35,0.17,4,0.66,1,2,17,2,5,1507596.43,26.8481,75.7036,2026-09-23T17:14:27.972373,2026-09-23T17:44:27.972373,2026-09-23T17:50:27.972373,0.42226781084747766,0,5.1,0
SHP-1353,MMX-13817499,NODE-PORT-101,NODE-HYD-154,JNPT Nhava Sheva Port,Hyderabad Major Hub 1,ROUTE-507,NODE-HYD-154,DELIVERED,STANDARD,ELECTRONICS,BlueDart Logistics,600.9,34.4,63.7,29.7,61.3,0.66,0.23,3,0.66,7,1,3,2,8,2725039.93,17.3865,78.3948,2026-09-23T03:14:27.972373,2026-09-23T14:08:27.972373,2026-09-23T16:38:27.972373,0.544882981160101,1,4.7,1
SHP-1354,MMX-12354860,NODE-MUM-105,NODE-AHM-140,Bhiwandi Central Mega Hub (H04),Ahmedabad Major Hub 1,ROUTE-531,NODE-AHM-140,DELIVERED,EXPRESS,AUTOMOTIVE,BlueDart Logistics,448.0,74.7,37.0,28.4,66.1,0.58,0.13,3,0.94,8,5,0,3,2,1150946.54,23.0976,72.4737,2026-09-24T00:14:27.972373,2026-09-24T08:20:27.972373,2026-09-24T09:26:27.972373,0.5120030735018286,1,5.4,1
SHP-1355,MMX-78969993,NODE-BEN-120,NODE-BEN-121,Bengaluru Major Hub 2,Bengaluru Major Hub 3,ROUTE-567,NODE-BEN-121,IN_TRANSIT,CRITICAL_SLA,PHARMA,BlueDart Logistics,11.9,23.2,44.6,30.3,46.1,0.24,0.07,3,0.56,6,3,16,1,6,193708.96,13.0108,77.5354,2026-09-22T16:14:27.972373,2026-09-22T16:26:27.972373,2026-09-22T16:26:27.972373,0.41704918960486553,0,4.1,0
SHP-1356,MMX-29289438,NODE-DEL-112,NODE-JAI-147,Delhi NCR Major Hub 1,Jaipur Major Hub 1,ROUTE-550,NODE-JAI-147,DELIVERED,STANDARD,INDUSTRIAL_EQUIPMENT,BlueDart Logistics,244.9,62.1,53.0,20.3,54.5,0.37,0.15,6,0.79,5,2,10,2,6,332708.56,26.8026,75.7407,2026-09-23T10:14:27.972373,2026-09-23T14:44:27.972373,2026-09-23T15:26:27.972373,0.36287353176810955,0,4.2,0
SHP-1357,MMX-81416669,NODE-PORT-101,NODE-MUM-107,JNPT Nhava Sheva Port,Mumbai Major Hub 3,ROUTE-504,NODE-MUM-107,DELIVERED,CRITICAL_SLA,PHARMA,BlueDart Logistics,6.1,35.5,58.4,23.8,81.4,0.24,0.31,2,0.66,3,4,21,2,4,2503141.99,19.0048,72.9436,2026-09-23T21:14:27.972373,2026-09-23T21:20:27.972373,2026-09-23T21:20:27.972373,0.3920743432003806,0,3.4,0
SHP-1358,MMX-55908520,NODE-JAI-148,NODE-CUST-150,Jaipur Major Hub 2,Jaipur Zone 1 Retail Cluster,ROUTE-642,NODE-CUST-150,IN_TRANSIT,STANDARD,INDUSTRIAL_EQUIPMENT,BlueDart Logistics,30.2,43.0,62.5,19.6,45.9,0.11,0.19,3,0.63,5,5,21,2,6,460091.25,26.9143,75.689,2026-09-23T21:14:27.972373,2026-09-23T22:08:27.972373,2026-09-23T22:20:27.972373,0.37756706805399304,0,5.7,0
SHP-1359,MMX-20433455,NODE-MUM-107,NODE-PUN-161,Mumbai Major Hub 3,Pune Major Hub 1,ROUTE-545,NODE-MUM-107,IN_TRANSIT,EXPRESS,INDUSTRIAL_EQUIPMENT,BlueDart Logistics,110.0,21.6,59.4,21.1,78.6,0.22,0.14,2,0.55,5,1,19,1,4,434143.84,18.8184,73.3674,2026-09-22T19:14:27.972373,2026-09-22T21:14:27.972373,2026-09-22T21:32:27.972373,0.36963592801690454,0,7.5,0
SHP-1360,MMX-90771151,NODE-PORT-101,NODE-BEN-119,JNPT Nhava Sheva Port,Bengaluru Major Hub 1,ROUTE-505,NODE-BEN-119,IN_TRANSIT,EXPRESS,FMCG,BlueDart Logistics,832.7,22.3,38.2,29.1,63.1,0.15,0.28,1,0.66,5,0,19,1,2,939855.13,14.9021,76.1418,2026-09-22T19:14:27.972373,2026-09-23T10:20:27.972373,2026-09-23T14:32:27.972373,0.2951384528223838,0,6.7,0
SHP-1361,MMX-86535694,NODE-DEL-113,NODE-DEL-114,Okhla Fulfilment Center (H02),Delhi NCR Major Hub 3,ROUTE-553,NODE-DEL-114,IN_TRANSIT,STANDARD,TEXTILES,BlueDart Logistics,4.6,30.2,45.5,19.3,78.1,0.9,0.31,5,0.89,6,2,20,2,3,2572657.34,28.6051,77.1415,2026-09-23T20:14:27.972373,2026-09-23T20:20:27.972373,2026-09-23T20:20:27.972373,0.5904673257120587,1,6.7,1
SHP-1362,MMX-59185834,NODE-PORT-102,NODE-AHM-140,Chennai Port Trust,Ahmedabad Major Hub 1,ROUTE-518,NODE-AHM-140,DELIVERED,CRITICAL_SLA,ELECTRONICS,BlueDart Logistics,1385.8,62.0,50.9,28.0,83.4,0.25,0.14,5,0.86,1,5,18,2,2,2776484.69,23.0976,72.4737,2026-09-23T18:14:27.972373,2026-09-24T19:26:27.972373,2026-09-24T22:56:27.972373,0.44813694565012896,0,4.0,0
SHP-1363,MMX-79756655,NODE-HYD-154,NODE-CUST-158,Hyderabad Major Hub 1,Hyderabad Zone 2 Retail Cluster,ROUTE-651,NODE-HYD-154,IN_TRANSIT,EXPRESS,PHARMA,BlueDart Logistics,9.8,57.0,38.2,29.7,84.2,0.46,0.1,5,0.43,4,3,19,1,2,2296157.87,17.4062,78.388,2026-09-22T19:14:27.972373,2026-09-22T19:44:27.972373,2026-09-22T19:50:27.972373,0.3300619925771571,0,4.5,0
SHP-1364,MMX-49002238,NODE-MUM-105,NODE-PUN-162,Bhiwandi Central Mega Hub (H04),Pune Major Hub 2,ROUTE-535,NODE-MUM-105,IN_TRANSIT,EXPRESS,FMCG,BlueDart Logistics,114.6,58.8,51.7,18.6,54.8,0.2,0.13,3,0.94,8,4,14,2,5,2076787.34,18.9312,73.2214,2026-09-23T14:14:27.972373,2026-09-23T16:20:27.972373,2026-09-23T16:38:27.972373,0.46108558610494715,1,3.9,1
SHP-1365,MMX-26001148,NODE-BEN-120,NODE-CUST-122,Bengaluru Major Hub 2,Bengaluru Zone 1 Retail Cluster,ROUTE-610,NODE-CUST-122,DELIVERED,STANDARD,PHARMA,BlueDart Logistics,30.3,69.2,59.1,31.1,56.5,0.11,0.12,6,0.56,8,5,17,1,2,1219290.79,12.9302,77.7682,2026-09-22T17:14:27.972373,2026-09-22T18:08:27.972373,2026-09-22T18:14:27.972373,0.3780071995855557,0,3.2,0
SHP-1366,MMX-76989425,NODE-MUM-106,NODE-MUM-107,Mumbai Major Hub 2,Mumbai Major Hub 3,ROUTE-537,NODE-MUM-106,IN_TRANSIT,EXPRESS,FMCG,BlueDart Logistics,3.3,58.2,64.3,28.4,80.2,0.24,0.07,3,0.5,4,2,15,2,4,1805134.45,19.0168,72.9638,2026-09-23T15:14:27.972373,2026-09-23T15:20:27.972373,2026-09-23T15:20:27.972373,0.26893897640570824,0,2.8,0
SHP-1367,MMX-26400072,NODE-BEN-121,NODE-CHE-127,Bengaluru Major Hub 3,Chennai Major Hub 2,ROUTE-572,NODE-CHE-127,IN_TRANSIT,CRITICAL_SLA,INDUSTRIAL_EQUIPMENT,BlueDart Logistics,299.6,52.7,57.7,29.2,82.4,0.4,0.11,6,0.47,10,3,18,1,8,1558672.82,13.0775,79.4765,2026-09-22T18:14:27.972373,2026-09-22T23:38:27.972373,2026-09-23T00:14:27.972373,0.4597046240905209,1,4.7,1
SHP-1368,MMX-20269972,NODE-BEN-119,NODE-HYD-154,Bengaluru Major Hub 1,Hyderabad Major Hub 1,ROUTE-565,NODE-BEN-119,DELAYED,EXPRESS,FMCG,BlueDart Logistics,496.2,32.7,63.3,18.4,73.2,0.81,0.05,4,0.46,1,1,18,1,7,1833522.58,14.1131,77.8461,2026-09-22T18:14:27.972373,2026-09-23T03:14:27.972373,2026-09-23T03:44:27.972373,0.4141296200390898,0,5.3,0
SHP-1369,MMX-60511038,NODE-AHM-140,NODE-CUST-143,Ahmedabad Major Hub 1,Ahmedabad Zone 1 Retail Cluster,ROUTE-634,NODE-AHM-140,IN_TRANSIT,EXPRESS,FMCG,BlueDart Logistics,27.1,31.1,54.9,24.9,51.8,0.39,0.09,5,0.43,9,0,8,2,1,2972599.12,23.1349,72.577,2026-09-23T08:14:27.972373,2026-09-23T09:02:27.972373,2026-09-23T09:08:27.972373,0.2888838049274416,0,3.8,0
SHP-1370,MMX-75841004,NODE-BEN-120,NODE-CUST-124,Bengaluru Major Hub 2,Bengaluru Zone 3 Retail Cluster,ROUTE-614,NODE-CUST-124,IN_TRANSIT,STANDARD,FMCG,BlueDart Logistics,23.3,21.8,51.7,30.0,53.6,0.7,0.14,4,0.56,7,1,0,3,5,2161383.41,13.0325,77.6267,2026-09-24T00:14:27.972373,2026-09-24T00:56:27.972373,2026-09-24T01:02:27.972373,0.4643495108072267,1,4.7,1
SHP-1371,MMX-89250658,NODE-JAI-148,NODE-CUST-150,Jaipur Major Hub 2,Jaipur Zone 1 Retail Cluster,ROUTE-642,NODE-JAI-148,IN_TRANSIT,CRITICAL_SLA,INDUSTRIAL_EQUIPMENT,BlueDart Logistics,30.2,51.5,49.3,30.0,62.8,0.43,0.19,4,0.63,10,3,13,1,6,2311088.76,26.8692,75.7991,2026-09-22T13:14:27.972373,2026-09-22T14:08:27.972373,2026-09-22T14:20:27.972373,0.47322550871294716,1,4.4,1
SHP-1372,MMX-41490443,NODE-PORT-102,NODE-BEN-119,Chennai Port Trust,Bengaluru Major Hub 1,ROUTE-512,NODE-BEN-119,IN_TRANSIT,EXPRESS,PHARMA,BlueDart Logistics,285.9,39.2,57.3,18.4,80.1,0.39,0.22,1,0.86,7,2,3,2,6,1265192.33,13.0211,78.6771,2026-09-23T03:14:27.972373,2026-09-23T08:26:27.972373,2026-09-23T09:32:27.972373,0.48339991456227255,1,11.1,1
SHP-1373,MMX-88918579,NODE-AHM-140,NODE-AHM-141,Ahmedabad Major Hub 1,Ahmedabad Major Hub 2,ROUTE-580,NODE-AHM-140,IN_TRANSIT,STANDARD,TEXTILES,BlueDart Logistics,11.4,70.1,37.0,22.3,55.2,0.12,0.23,3,0.43,1,3,18,2,7,1725745.74,23.0658,72.4879,2026-09-23T18:14:27.972373,2026-09-23T18:26:27.972373,2026-09-23T18:26:27.972373,0.3850571803897521,0,3.9,0
SHP-1374,MMX-32364326,NODE-PORT-101,NODE-AHM-142,JNPT Nhava Sheva Port,Ahmedabad Major Hub 3,ROUTE-506,NODE-AHM-142,DELIVERED,EXPRESS,AUTOMOTIVE,BlueDart Logistics,443.1,51.4,44.7,19.4,62.0,0.69,0.33,2,0.66,6,3,9,2,9,2443798.67,22.922,72.6094,2026-09-23T09:14:27.972373,2026-09-23T17:20:27.972373,2026-09-23T20:02:27.972373,0.6214635413042605,1,6.0,1
SHP-1375,MMX-40317902,NODE-PUN-162,NODE-CUST-164,Pune Major Hub 2,Pune Zone 1 Retail Cluster,ROUTE-658,NODE-CUST-164,DELIVERED,EXPRESS,AUTOMOTIVE,BlueDart Logistics,20.4,73.3,41.1,26.9,83.8,0.16,0.19,5,0.73,4,2,13,2,5,190217.52,18.4958,73.6963,2026-09-23T13:14:27.972373,2026-09-23T13:50:27.972373,2026-09-23T13:56:27.972373,0.44715912287557785,0,4.0,0
SHP-1376,MMX-77731571,NODE-PUN-162,NODE-CUST-165,Pune Major Hub 2,Pune Zone 2 Retail Cluster,ROUTE-660,NODE-CUST-165,IN_TRANSIT,STANDARD,INDUSTRIAL_EQUIPMENT,BlueDart Logistics,15.7,59.5,52.3,26.3,52.3,0.58,0.17,5,0.73,8,3,7,2,4,1074583.64,18.6253,73.8012,2026-09-23T07:14:27.972373,2026-09-23T07:44:27.972373,2026-09-23T07:50:27.972373,0.4421326218555975,0,5.7,0
SHP-1377,MMX-38582041,NODE-KOL-133,NODE-KOL-134,Kolkata Major Hub 1,Kolkata Major Hub 2,ROUTE-577,NODE-KOL-134,DELIVERED,CRITICAL_SLA,FMCG,BlueDart Logistics,8.1,49.7,41.0,23.6,68.1,0.49,0.3,5,0.85,3,0,19,2,9,2594993.93,22.5321,88.386,2026-09-23T19:14:27.972373,2026-09-23T19:20:27.972373,2026-09-23T19:20:27.972373,0.5056160318360339,1,5.7,1
SHP-1378,MMX-68436893,NODE-CHE-126,NODE-CUST-130,Chennai Major Hub 1,Chennai Zone 2 Retail Cluster,ROUTE-620,NODE-CHE-126,IN_TRANSIT,CRITICAL_SLA,AUTOMOTIVE,BlueDart Logistics,23.7,49.3,53.4,28.8,59.5,0.58,0.05,6,0.63,1,4,7,2,4,1124610.27,13.181,80.2896,2026-09-23T07:14:27.972373,2026-09-23T07:56:27.972373,2026-09-23T07:56:27.972373,0.4146671002869176,0,3.8,0
SHP-1379,MMX-51680049,NODE-DEL-113,NODE-CUST-117,Okhla Fulfilment Center (H02),Delhi NCR Zone 3 Retail Cluster,ROUTE-606,NODE-DEL-113,IN_TRANSIT,STANDARD,AUTOMOTIVE,BlueDart Logistics,7.7,54.9,60.4,21.7,52.9,0.24,0.12,6,0.89,10,1,3,2,7,753526.1,28.5808,77.1139,2026-09-23T03:14:27.972373,2026-09-23T03:44:27.972373,2026-09-23T03:50:27.972373,0.5309901466608836,1,4.6,1
SHP-1380,MMX-12672106,NODE-PORT-102,NODE-CUST-130,Chennai Port Trust,Chennai Zone 2 Retail Cluster,ROUTE-619,NODE-CUST-130,IN_TRANSIT,CRITICAL_SLA,FMCG,BlueDart Logistics,19.9,74.5,47.7,30.7,49.1,0.33,0.13,1,0.86,5,2,19,2,9,569156.4,13.1741,80.4126,2026-09-23T19:14:27.972373,2026-09-23T19:50:27.972373,2026-09-23T19:56:27.972373,0.4050850857322425,0,4.8,0
SHP-1381,MMX-26192377,NODE-PORT-102,NODE-CHE-126,Chennai Port Trust,Chennai Major Hub 1,ROUTE-515,NODE-CHE-126,DELIVERED,EXPRESS,ELECTRONICS,BlueDart Logistics,12.8,53.1,61.0,30.6,58.3,0.41,0.22,6,0.86,2,3,20,2,3,746321.4,13.1753,80.2203,2026-09-23T20:14:27.972373,2026-09-23T20:26:27.972373,2026-09-23T20:26:27.972373,0.36551390789096116,0,4.4,0
SHP-1382,MMX-66756516,NODE-AHM-140,NODE-CUST-143,Ahmedabad Major Hub 1,Ahmedabad Zone 1 Retail Cluster,ROUTE-634,NODE-CUST-143,DELIVERED,CRITICAL_SLA,INDUSTRIAL_EQUIPMENT,BlueDart Logistics,27.1,72.2,62.9,21.5,79.8,0.3,0.09,1,0.43,6,2,3,2,7,2427232.74,23.1866,72.7206,2026-09-23T03:14:27.972373,2026-09-23T04:02:27.972373,2026-09-23T04:08:27.972373,0.31953036772779886,0,3.1,0
SHP-1383,MMX-47276794,NODE-DEL-113,NODE-JAI-149,Okhla Fulfilment Center (H02),Jaipur Major Hub 3,ROUTE-556,NODE-DEL-113,IN_TRANSIT,STANDARD,PHARMA,BlueDart Logistics,228.1,29.6,64.1,24.2,51.4,0.6,0.06,4,0.89,9,2,3,2,2,983645.34,27.7974,76.4537,2026-09-23T03:14:27.972373,2026-09-23T07:20:27.972373,2026-09-23T07:32:27.972373,0.40530521378450973,0,7.1,0
SHP-1384,MMX-26381779,NODE-MUM-106,NODE-AHM-141,Mumbai Major Hub 2,Ahmedabad Major Hub 2,ROUTE-538,NODE-MUM-106,IN_TRANSIT,EXPRESS,AUTOMOTIVE,BlueDart Logistics,445.3,59.4,59.6,18.3,83.5,0.61,0.15,6,0.5,1,5,11,2,4,796299.54,20.48,72.8036,2026-09-23T11:14:27.972373,2026-09-23T19:20:27.972373,2026-09-23T20:32:27.972373,0.40721224891596197,0,3.7,0
SHP-1385,MMX-96493863,NODE-PORT-104,NODE-CUST-145,Mundra Container Terminal,Ahmedabad Zone 3 Retail Cluster,ROUTE-637,NODE-CUST-145,IN_TRANSIT,EXPRESS,PHARMA,BlueDart Logistics,288.1,41.4,62.3,23.5,84.0,0.32,0.12,1,0.71,4,2,8,2,4,2585279.38,23.1188,71.9066,2026-09-23T08:14:27.972373,2026-09-23T16:26:27.972373,2026-09-23T17:26:27.972373,0.3125433669223151,0,3.3,0
SHP-1386,MMX-57225359,NODE-DEL-112,NODE-CUST-117,Delhi NCR Major Hub 1,Delhi NCR Zone 3 Retail Cluster,ROUTE-605,NODE-CUST-117,DELIVERED,EXPRESS,ELECTRONICS,BlueDart Logistics,18.3,67.7,59.7,31.2,61.2,0.45,0.1,3,0.79,7,0,16,1,3,2110522.45,28.5793,77.0572,2026-09-22T16:14:27.972373,2026-09-22T16:44:27.972373,2026-09-22T16:50:27.972373,0.37051968932381035,0,6.6,0
SHP-1387,MMX-94328498,NODE-DEL-113,NODE-CUST-118,Okhla Fulfilment Center (H02),Delhi NCR Zone 4 Retail Cluster,ROUTE-608,NODE-DEL-113,IN_TRANSIT,CRITICAL_SLA,TEXTILES,BlueDart Logistics,10.4,64.7,57.1,24.3,41.2,0.14,0.12,6,0.89,3,5,0,2,8,2383506.99,28.571,77.1474,2026-09-23T00:14:27.972373,2026-09-23T00:44:27.972373,2026-09-23T00:50:27.972373,0.44958779878885796,0,4.5,0
SHP-1388,MMX-44987861,NODE-KOL-134,NODE-KOL-135,Kolkata Major Hub 2,Kolkata Major Hub 3,ROUTE-579,NODE-KOL-134,DELAYED,CRITICAL_SLA,AUTOMOTIVE,BlueDart Logistics,12.3,24.5,39.7,25.2,83.6,0.81,0.33,2,0.51,10,5,20,1,7,2388294.77,22.5663,88.3441,2026-09-22T20:14:27.972373,2026-09-22T20:26:27.972373,2026-09-22T20:32:27.972373,0.7828085419607943,1,7.9,1
SHP-1389,MMX-21942232,NODE-MUM-107,NODE-PUN-161,Mumbai Major Hub 3,Pune Major Hub 1,ROUTE-545,NODE-PUN-161,DELIVERED,CRITICAL_SLA,INDUSTRIAL_EQUIPMENT,BlueDart Logistics,110.0,65.5,59.0,20.8,58.7,0.25,0.14,4,0.55,10,1,2,2,1,2846922.19,18.5882,73.891,2026-09-23T02:14:27.972373,2026-09-23T04:14:27.972373,2026-09-23T04:32:27.972373,0.35252119190930253,0,3.6,0
SHP-1390,MMX-70895638,NODE-PORT-102,NODE-CUST-130,Chennai Port Trust,Chennai Zone 2 Retail Cluster,ROUTE-619,NODE-CUST-130,DELIVERED,EXPRESS,PHARMA,BlueDart Logistics,19.9,58.6,40.1,23.6,59.3,0.32,0.13,1,0.86,6,1,15,2,2,91638.97,13.1933,80.438,2026-09-23T15:14:27.972373,2026-09-23T15:50:27.972373,2026-09-23T15:56:27.972373,0.3181548172168799,0,3.1,0
SHP-1391,MMX-47979220,NODE-PORT-103,NODE-CUST-137,Syama Prasad Mookerjee Port,Kolkata Zone 2 Retail Cluster,ROUTE-627,NODE-CUST-137,DELIVERED,STANDARD,ELECTRONICS,BlueDart Logistics,22.8,59.2,40.7,30.1,75.2,0.34,0.06,4,0.68,7,1,1,2,7,2576196.3,22.4439,88.5163,2026-09-23T01:14:27.972373,2026-09-23T01:56:27.972373,2026-09-23T01:56:27.972373,0.3340792664325822,0,7.8,0
SHP-1392,MMX-63358890,NODE-DEL-112,NODE-DEL-114,Delhi NCR Major Hub 1,Delhi NCR Major Hub 3,ROUTE-549,NODE-DEL-112,IN_TRANSIT,STANDARD,FMCG,BlueDart Logistics,11.9,42.5,39.4,22.1,51.8,0.63,0.27,2,0.79,6,4,8,2,8,302929.09,28.574,77.2191,2026-09-23T08:14:27.972373,2026-09-23T08:26:27.972373,2026-09-23T08:32:27.972373,0.5985959585753253,1,5.7,1
SHP-1393,MMX-10719539,NODE-DEL-113,NODE-JAI-148,Okhla Fulfilment Center (H02),Jaipur Major Hub 2,ROUTE-555,NODE-JAI-148,DELIVERED,EXPRESS,INDUSTRIAL_EQUIPMENT,BlueDart Logistics,229.8,59.0,57.1,21.6,44.3,0.15,0.28,3,0.89,4,3,14,1,6,2990381.34,26.8268,75.9025,2026-09-22T14:14:27.972373,2026-09-22T18:26:27.972373,2026-09-22T19:38:27.972373,0.3449883396489679,0,5.6,0
SHP-1394,MMX-27705940,NODE-BEN-119,NODE-HYD-154,Bengaluru Major Hub 1,Hyderabad Major Hub 1,ROUTE-565,NODE-HYD-154,DELAYED,CRITICAL_SLA,TEXTILES,BlueDart Logistics,496.2,41.0,64.3,27.4,46.0,0.86,0.05,1,0.46,10,1,17,2,5,551106.17,16.5109,78.248,2026-09-23T17:14:27.972373,2026-09-24T02:14:27.972373,2026-09-24T02:44:27.972373,0.5655729382927178,1,5.1,1
SHP-1395,MMX-79386899,NODE-PORT-104,NODE-AHM-140,Mundra Container Terminal,Ahmedabad Major Hub 1,ROUTE-523,NODE-AHM-140,IN_TRANSIT,CRITICAL_SLA,AUTOMOTIVE,BlueDart Logistics,285.4,49.2,39.3,19.6,42.0,0.21,0.23,3,0.71,6,3,4,2,5,2713238.4,22.9892,71.3061,2026-09-23T04:14:27.972373,2026-09-23T09:26:27.972373,2026-09-23T10:38:27.972373,0.45197200603606436,1,4.1,1
SHP-1396,MMX-44926669,NODE-AHM-140,NODE-AHM-142,Ahmedabad Major Hub 1,Ahmedabad Major Hub 3,ROUTE-581,NODE-AHM-140,AT_RISK,STANDARD,FMCG,BlueDart Logistics,24.0,37.4,64.8,28.7,46.8,0.83,0.06,6,0.43,8,0,18,2,4,488431.38,23.0487,72.5115,2026-09-23T18:14:27.972373,2026-09-23T18:38:27.972373,2026-09-23T18:38:27.972373,0.3925412173947648,0,3.4,0
SHP-1397,MMX-26596590,NODE-MUM-106,NODE-PUN-163,Mumbai Major Hub 2,Pune Major Hub 3,ROUTE-542,NODE-PUN-163,DELIVERED,EXPRESS,INDUSTRIAL_EQUIPMENT,BlueDart Logistics,104.4,44.0,64.9,31.0,41.8,0.4,0.1,6,0.5,9,3,21,1,8,1504316.22,18.6214,73.8681,2026-09-22T21:14:27.972373,2026-09-22T23:08:27.972373,2026-09-22T23:20:27.972373,0.3573432735454562,0,4.3,0
SHP-1398,MMX-65890810,NODE-PUN-161,NODE-PUN-162,Pune Major Hub 1,Pune Major Hub 2,ROUTE-590,NODE-PUN-162,DELIVERED,STANDARD,ELECTRONICS,BlueDart Logistics,2.7,67.7,40.4,20.4,62.9,0.33,0.09,6,0.42,10,1,23,1,1,1601745.45,18.5718,73.8719,2026-09-22T23:14:27.972373,2026-09-22T23:14:27.972373,2026-09-22T23:14:27.972373,0.3631936187082707,0,3.6,0
SHP-1399,MMX-98521869,NODE-PORT-103,NODE-KOL-134,Syama Prasad Mookerjee Port,Kolkata Major Hub 2,ROUTE-520,NODE-PORT-103,IN_TRANSIT,EXPRESS,PHARMA,BlueDart Logistics,6.8,57.2,61.6,18.4,70.7,0.68,0.12,4,0.68,6,4,17,2,2,2519082.77,22.5387,88.3312,2026-09-23T17:14:27.972373,2026-09-23T17:20:27.972373,2026-09-23T17:20:27.972373,0.4622730077373692,1,6.3,1
SHP-1400,MMX-53375256,NODE-PORT-102,NODE-CUST-132,Chennai Port Trust,Chennai Zone 4 Retail Cluster,ROUTE-623,NODE-CUST-132,IN_TRANSIT,CRITICAL_SLA,FMCG,BlueDart Logistics,22.6,72.5,52.8,18.1,83.6,0.66,0.18,4,0.86,6,5,6,2,3,673532.24,13.1986,80.3839,2026-09-23T06:14:27.972373,2026-09-23T06:50:27.972373,2026-09-23T06:56:27.972373,0.5958908155986731,1,5.8,1
SHP-1401,MMX-26186924,NODE-PORT-102,NODE-CHE-126,Chennai Port Trust,Chennai Major Hub 1,ROUTE-515,NODE-PORT-102,IN_TRANSIT,STANDARD,INDUSTRIAL_EQUIPMENT,BlueDart Logistics,12.8,50.1,53.1,19.3,51.5,0.3,0.22,4,0.86,2,0,21,1,4,530675.02,13.1159,80.2676,2026-09-22T21:14:27.972373,2026-09-22T21:26:27.972373,2026-09-22T21:26:27.972373,0.25227861706028165,0,6.3,0
SHP-1402,MMX-90576371,NODE-KOL-133,NODE-KOL-134,Kolkata Major Hub 1,Kolkata Major Hub 2,ROUTE-577,NODE-KOL-133,IN_TRANSIT,EXPRESS,FMCG,BlueDart Logistics,8.1,60.5,62.7,30.7,67.2,0.41,0.3,1,0.85,6,4,0,3,4,1494387.96,22.5367,88.4262,2026-09-24T00:14:27.972373,2026-09-24T00:20:27.972373,2026-09-24T00:20:27.972373,0.45603124885231133,1,4.1,1
SHP-1403,MMX-76481027,NODE-BEN-119,NODE-CUST-122,Bengaluru Major Hub 1,Bengaluru Zone 1 Retail Cluster,ROUTE-609,NODE-CUST-122,DELIVERED,EXPRESS,ELECTRONICS,BlueDart Logistics,13.4,64.6,53.4,24.1,59.2,0.13,0.11,3,0.46,8,5,21,1,4,1960451.32,12.9302,77.7682,2026-09-22T21:14:27.972373,2026-09-22T21:44:27.972373,2026-09-22T21:50:27.972373,0.35576218498590917,0,5.5,0
SHP-1404,MMX-49658873,NODE-PORT-104,NODE-CUST-144,Mundra Container Terminal,Ahmedabad Zone 2 Retail Cluster,ROUTE-635,NODE-CUST-144,DELIVERED,CRITICAL_SLA,INDUSTRIAL_EQUIPMENT,BlueDart Logistics,307.7,48.9,43.7,24.1,80.8,0.51,0.16,2,0.71,3,5,15,2,5,2532536.97,23.016,72.699,2026-09-23T15:14:27.972373,2026-09-24T00:02:27.972373,2026-09-24T01:26:27.972373,0.47234902968823717,1,5.8,1
SHP-1405,MMX-25292162,NODE-JAI-148,NODE-CUST-152,Jaipur Major Hub 2,Jaipur Zone 3 Retail Cluster,ROUTE-646,NODE-CUST-152,IN_TRANSIT,CRITICAL_SLA,ELECTRONICS,BlueDart Logistics,24.3,24.2,36.4,19.5,59.1,0.18,0.06,6,0.63,10,2,13,1,6,801837.6,26.8293,75.7343,2026-09-22T13:14:27.972373,2026-09-22T13:56:27.972373,2026-09-22T13:56:27.972373,0.4009967264260378,0,5.2,0
SHP-1406,MMX-38329117,NODE-PORT-102,NODE-CUST-130,Chennai Port Trust,Chennai Zone 2 Retail Cluster,ROUTE-619,NODE-PORT-102,IN_TRANSIT,STANDARD,PHARMA,BlueDart Logistics,19.9,66.4,36.4,23.8,71.7,0.37,0.13,6,0.86,8,5,23,1,8,1890240.66,13.1265,80.3494,2026-09-22T23:14:27.972373,2026-09-22T23:50:27.972373,2026-09-22T23:56:27.972373,0.558642496617375,1,7.0,1
SHP-1407,MMX-50641125,NODE-DEL-112,NODE-DEL-113,Delhi NCR Major Hub 1,Okhla Fulfilment Center (H02),ROUTE-548,NODE-DEL-113,IN_TRANSIT,CRITICAL_SLA,ELECTRONICS,BlueDart Logistics,10.7,74.0,42.8,27.4,59.5,0.12,0.16,4,0.79,2,0,19,2,3,1984612.87,28.573,77.1754,2026-09-23T19:14:27.972373,2026-09-23T19:26:27.972373,2026-09-23T19:26:27.972373,0.1991189785308703,0,3.4,0
SHP-1408,MMX-13599088,NODE-PUN-161,NODE-CUST-165,Pune Major Hub 1,Pune Zone 2 Retail Cluster,ROUTE-659,NODE-CUST-165,DELIVERED,EXPRESS,TEXTILES,BlueDart Logistics,16.4,58.0,63.9,27.5,76.2,0.17,0.14,2,0.42,1,1,0,2,2,2457106.26,18.66,73.7552,2026-09-23T00:14:27.972373,2026-09-23T00:44:27.972373,2026-09-23T00:50:27.972373,0.19838102574893535,0,2.9,0
SHP-1409,MMX-69762583,NODE-DEL-113,NODE-JAI-147,Okhla Fulfilment Center (H02),Jaipur Major Hub 1,ROUTE-554,NODE-DEL-113,IN_TRANSIT,CRITICAL_SLA,FMCG,BlueDart Logistics,240.8,28.0,42.3,29.8,78.6,0.56,0.11,1,0.89,5,3,21,1,3,1448267.81,28.1696,76.8133,2026-09-22T21:14:27.972373,2026-09-23T01:38:27.972373,2026-09-23T02:08:27.972373,0.5175147815855949,1,4.6,1
SHP-1410,MMX-76532158,NODE-PORT-103,NODE-CUST-136,Syama Prasad Mookerjee Port,Kolkata Zone 1 Retail Cluster,ROUTE-625,NODE-PORT-103,IN_TRANSIT,STANDARD,FMCG,BlueDart Logistics,14.0,67.3,52.6,20.8,65.6,0.81,0.14,1,0.68,6,0,14,2,2,1909709.15,22.4868,88.2984,2026-09-23T14:14:27.972373,2026-09-23T14:44:27.972373,2026-09-23T14:50:27.972373,0.4502219417029375,1,3.9,1
SHP-1411,MMX-18524244,NODE-HYD-154,NODE-CUST-157,Hyderabad Major Hub 1,Hyderabad Zone 1 Retail Cluster,ROUTE-649,NODE-CUST-157,IN_TRANSIT,CRITICAL_SLA,TEXTILES,BlueDart Logistics,17.4,50.5,43.7,24.8,61.9,0.6,0.06,5,0.43,8,1,23,2,1,1608510.99,17.4693,78.3689,2026-09-23T23:14:27.972373,2026-09-23T23:44:27.972373,2026-09-23T23:44:27.972373,0.3780807439044445,0,6.3,0
SHP-1412,MMX-78133743,NODE-BEN-120,NODE-CHE-127,Bengaluru Major Hub 2,Chennai Major Hub 2,ROUTE-569,NODE-BEN-120,IN_TRANSIT,EXPRESS,INDUSTRIAL_EQUIPMENT,BlueDart Logistics,308.8,68.9,38.5,26.7,69.1,0.48,0.28,4,0.56,1,1,2,2,5,2192316.95,13.0203,78.605,2026-09-23T02:14:27.972373,2026-09-23T07:50:27.972373,2026-09-23T09:26:27.972373,0.31176789540810657,0,3.8,0
SHP-1413,MMX-21568480,NODE-DEL-114,NODE-JAI-147,Delhi NCR Major Hub 3,Jaipur Major Hub 1,ROUTE-557,NODE-JAI-147,IN_TRANSIT,CRITICAL_SLA,TEXTILES,BlueDart Logistics,245.1,38.7,53.1,29.8,69.6,0.21,0.14,3,0.67,7,3,6,2,6,2398119.36,27.5573,76.3232,2026-09-23T06:14:27.972373,2026-09-23T10:44:27.972373,2026-09-23T11:20:27.972373,0.3122942914632189,0,4.6,0
SHP-1414,MMX-57921617,NODE-CHE-126,NODE-CUST-132,Chennai Major Hub 1,Chennai Zone 4 Retail Cluster,ROUTE-624,NODE-CHE-126,AT_RISK,STANDARD,PHARMA,BlueDart Logistics,23.1,31.0,53.2,19.4,58.7,0.94,0.05,3,0.63,4,1,4,2,9,188795.54,13.2033,80.3007,2026-09-23T04:14:27.972373,2026-09-23T04:56:27.972373,2026-09-23T04:56:27.972373,0.5833838410949255,1,5.7,1
SHP-1415,MMX-45902065,NODE-MUM-106,NODE-PUN-162,Mumbai Major Hub 2,Pune Major Hub 2,ROUTE-541,NODE-PUN-162,IN_TRANSIT,CRITICAL_SLA,PHARMA,BlueDart Logistics,107.3,21.8,36.9,24.0,67.8,0.2,0.13,2,0.5,8,2,23,2,6,2365413.12,18.7113,73.5915,2026-09-23T23:14:27.972373,2026-09-24T01:14:27.972373,2026-09-24T01:32:27.972373,0.4236157005989796,0,3.8,0
SHP-1416,MMX-94547252,NODE-MUM-106,NODE-AHM-142,Mumbai Major Hub 2,Ahmedabad Major Hub 3,ROUTE-539,NODE-AHM-142,AT_RISK,CRITICAL_SLA,INDUSTRIAL_EQUIPMENT,BlueDart Logistics,435.4,53.2,38.1,18.7,82.6,0.78,0.33,1,0.5,2,4,22,1,2,2479650.17,20.9912,72.7879,2026-09-22T22:14:27.972373,2026-09-23T06:08:27.972373,2026-09-23T08:44:27.972373,0.4385756731721724,0,3.9,0
SHP-1417,MMX-68936139,NODE-MUM-105,NODE-AHM-140,Bhiwandi Central Mega Hub (H04),Ahmedabad Major Hub 1,ROUTE-531,NODE-MUM-105,IN_TRANSIT,EXPRESS,PHARMA,BlueDart Logistics,448.0,28.6,43.8,24.2,62.8,0.72,0.13,1,0.94,3,5,0,2,6,1037092.2,20.0371,72.8236,2026-09-23T00:14:27.972373,2026-09-23T08:20:27.972373,2026-09-23T09:26:27.972373,0.7005575987761261,1,7.3,1
SHP-1418,MMX-40626070,NODE-DEL-112,NODE-CUST-118,Delhi NCR Major Hub 1,Delhi NCR Zone 4 Retail Cluster,ROUTE-607,NODE-CUST-118,DELIVERED,STANDARD,ELECTRONICS,BlueDart Logistics,6.0,65.9,49.2,22.0,47.7,0.33,0.18,6,0.79,7,2,14,2,4,497253.08,28.5133,77.2087,2026-09-23T14:14:27.972373,2026-09-23T14:44:27.972373,2026-09-23T14:50:27.972373,0.4067837317146429,0,4.1,0
SHP-1419,MMX-21378739,NODE-MUM-105,NODE-PUN-163,Bhiwandi Central Mega Hub (H04),Pune Major Hub 3,ROUTE-536,NODE-PUN-163,DELIVERED,EXPRESS,FMCG,BlueDart Logistics,111.5,70.5,61.9,31.3,63.2,0.68,0.28,1,0.94,8,1,16,1,1,2166995.92,18.6214,73.8681,2026-09-22T16:14:27.972373,2026-09-22T18:14:27.972373,2026-09-22T18:50:27.972373,0.5419648592031914,1,4.9,1
SHP-1420,MMX-49691460,NODE-HYD-154,NODE-HYD-155,Hyderabad Major Hub 1,Hyderabad Major Hub 2,ROUTE-587,NODE-HYD-155,DELIVERED,EXPRESS,AUTOMOTIVE,BlueDart Logistics,10.2,74.0,39.9,18.9,74.2,0.66,0.08,6,0.43,3,4,21,2,1,2934312.28,17.3312,78.4712,2026-09-23T21:14:27.972373,2026-09-23T21:26:27.972373,2026-09-23T21:26:27.972373,0.3848759240705055,0,4.1,0
SHP-1421,MMX-93800137,NODE-DEL-113,NODE-CUST-118,Okhla Fulfilment Center (H02),Delhi NCR Zone 4 Retail Cluster,ROUTE-608,NODE-CUST-118,IN_TRANSIT,CRITICAL_SLA,FMCG,BlueDart Logistics,10.4,58.5,61.2,28.1,54.1,0.39,0.12,3,0.89,9,4,22,2,3,2115870.44,28.5405,77.1798,2026-09-23T22:14:27.972373,2026-09-23T22:44:27.972373,2026-09-23T22:50:27.972373,0.5660373962440994,1,4.9,1
SHP-1422,MMX-79856260,NODE-PUN-161,NODE-CUST-165,Pune Major Hub 1,Pune Zone 2 Retail Cluster,ROUTE-659,NODE-CUST-165,DELIVERED,EXPRESS,INDUSTRIAL_EQUIPMENT,BlueDart Logistics,16.4,58.4,61.6,28.9,58.2,0.27,0.14,3,0.42,2,0,20,1,9,1036754.13,18.66,73.7552,2026-09-22T20:14:27.972373,2026-09-22T20:44:27.972373,2026-09-22T20:50:27.972373,0.3902670421221603,0,4.4,0
SHP-1423,MMX-24823261,NODE-PORT-104,NODE-CUST-146,Mundra Container Terminal,Ahmedabad Zone 4 Retail Cluster,ROUTE-639,NODE-CUST-146,IN_TRANSIT,STANDARD,AUTOMOTIVE,BlueDart Logistics,294.7,25.1,51.6,25.3,74.1,0.24,0.16,1,0.71,9,4,20,2,5,761952.35,22.9975,71.5879,2026-09-23T20:14:27.972373,2026-09-24T04:38:27.972373,2026-09-24T05:56:27.972373,0.47805179257604635,1,4.4,1
SHP-1424,MMX-94254420,NODE-PORT-102,NODE-CHE-127,Chennai Port Trust,Chennai Major Hub 2,ROUTE-516,NODE-CHE-127,IN_TRANSIT,EXPRESS,AUTOMOTIVE,BlueDart Logistics,5.2,54.5,45.6,18.7,69.3,0.21,0.25,3,0.86,10,5,0,3,1,1386784.12,13.0901,80.3268,2026-09-24T00:14:27.972373,2026-09-24T00:20:27.972373,2026-09-24T00:20:27.972373,0.49207854754771785,1,6.1,1
SHP-1425,MMX-58488507,NODE-PORT-104,NODE-CUST-145,Mundra Container Terminal,Ahmedabad Zone 3 Retail Cluster,ROUTE-637,NODE-CUST-145,DELIVERED,STANDARD,TEXTILES,BlueDart Logistics,288.1,39.3,43.5,29.0,72.2,0.67,0.12,6,0.71,7,4,0,2,4,360419.42,23.1924,72.4892,2026-09-23T00:14:27.972373,2026-09-23T08:26:27.972373,2026-09-23T09:26:27.972373,0.5342687974792574,1,5.0,1
SHP-1426,MMX-79651618,NODE-PORT-102,NODE-CUST-129,Chennai Port Trust,Chennai Zone 1 Retail Cluster,ROUTE-617,NODE-PORT-102,IN_TRANSIT,STANDARD,ELECTRONICS,BlueDart Logistics,21.0,59.1,59.9,19.1,42.8,0.86,0.05,4,0.86,4,3,23,2,2,1139417.94,13.0166,80.3405,2026-09-23T23:14:27.972373,2026-09-23T23:50:27.972373,2026-09-23T23:50:27.972373,0.5584315778766175,1,5.5,1
SHP-1427,MMX-27365785,NODE-DEL-113,NODE-CUST-115,Okhla Fulfilment Center (H02),Delhi NCR Zone 1 Retail Cluster,ROUTE-602,NODE-CUST-115,DELIVERED,CRITICAL_SLA,AUTOMOTIVE,BlueDart Logistics,22.3,47.4,47.7,24.2,81.9,0.52,0.19,4,0.89,3,1,17,2,9,425015.73,28.5334,77.3579,2026-09-23T17:14:27.972373,2026-09-23T17:50:27.972373,2026-09-23T17:56:27.972373,0.4252538269709948,0,3.6,0
SHP-1428,MMX-15406577,NODE-KOL-133,NODE-CUST-139,Kolkata Major Hub 1,Kolkata Zone 4 Retail Cluster,ROUTE-632,NODE-CUST-139,DELIVERED,STANDARD,TEXTILES,BlueDart Logistics,13.6,58.2,48.7,18.5,47.1,0.58,0.08,1,0.85,10,3,6,2,2,406555.96,22.5216,88.3328,2026-09-23T06:14:27.972373,2026-09-23T06:44:27.972373,2026-09-23T06:44:27.972373,0.506802572999922,1,4.4,1
SHP-1429,MMX-34572196,NODE-AHM-140,NODE-CUST-143,Ahmedabad Major Hub 1,Ahmedabad Zone 1 Retail Cluster,ROUTE-634,NODE-CUST-143,DELAYED,STANDARD,PHARMA,BlueDart Logistics,27.1,40.4,64.7,22.2,61.9,0.77,0.09,2,0.43,10,3,1,2,1,2813620.93,23.1663,72.6644,2026-09-23T01:14:27.972373,2026-09-23T02:02:27.972373,2026-09-23T02:08:27.972373,0.49992122434247943,1,4.8,1
SHP-1430,MMX-28592146,NODE-KOL-133,NODE-CUST-136,Kolkata Major Hub 1,Kolkata Zone 1 Retail Cluster,ROUTE-626,NODE-CUST-136,DELIVERED,STANDARD,ELECTRONICS,BlueDart Logistics,23.7,50.1,37.0,18.6,61.7,0.36,0.18,4,0.85,6,3,20,1,8,2511656.97,22.4224,88.2722,2026-09-22T20:14:27.972373,2026-09-22T20:56:27.972373,2026-09-22T21:02:27.972373,0.3895630256788443,0,4.1,0
SHP-1431,MMX-99985448,NODE-KOL-133,NODE-CUST-138,Kolkata Major Hub 1,Kolkata Zone 3 Retail Cluster,ROUTE-630,NODE-KOL-133,IN_TRANSIT,EXPRESS,INDUSTRIAL_EQUIPMENT,BlueDart Logistics,14.6,61.9,55.0,20.1,72.8,0.18,0.19,5,0.85,10,3,14,1,7,736825.74,22.5918,88.4668,2026-09-22T14:14:27.972373,2026-09-22T14:44:27.972373,2026-09-22T14:50:27.972373,0.3953370743667113,0,4.5,0
SHP-1432,MMX-87424245,NODE-BEN-120,NODE-CUST-124,Bengaluru Major Hub 2,Bengaluru Zone 3 Retail Cluster,ROUTE-614,NODE-BEN-120,AT_RISK,EXPRESS,INDUSTRIAL_EQUIPMENT,BlueDart Logistics,23.3,55.5,61.0,27.9,65.7,0.78,0.14,6,0.56,5,4,22,2,2,1949546.86,12.9983,77.5482,2026-09-23T22:14:27.972373,2026-09-23T22:56:27.972373,2026-09-23T23:02:27.972373,0.369038391111995,0,3.6,0
SHP-1433,MMX-21361254,NODE-PORT-102,NODE-BEN-121,Chennai Port Trust,Bengaluru Major Hub 3,ROUTE-514,NODE-BEN-121,IN_TRANSIT,CRITICAL_SLA,TEXTILES,BlueDart Logistics,294.4,30.4,49.3,30.6,45.4,0.9,0.3,2,0.86,1,2,16,2,4,773595.75,13.055,78.2892,2026-09-23T16:14:27.972373,2026-09-23T21:38:27.972373,2026-09-23T23:14:27.972373,0.5165296582777721,1,5.8,1
SHP-1434,MMX-82716383,NODE-PORT-104,NODE-CUST-145,Mundra Container Terminal,Ahmedabad Zone 3 Retail Cluster,ROUTE-637,NODE-PORT-104,IN_TRANSIT,EXPRESS,TEXTILES,BlueDart Logistics,288.1,42.1,36.3,30.1,41.0,0.47,0.12,4,0.71,1,4,18,1,6,1176932.4,22.9211,70.3422,2026-09-22T18:14:27.972373,2026-09-23T02:26:27.972373,2026-09-23T03:26:27.972373,0.46387711278979815,1,6.3,1
SHP-1435,MMX-52955238,NODE-MUM-107,NODE-AHM-142,Mumbai Major Hub 3,Ahmedabad Major Hub 3,ROUTE-544,NODE-MUM-107,IN_TRANSIT,STANDARD,AUTOMOTIVE,BlueDart Logistics,437.0,30.0,58.0,20.2,82.8,0.68,0.26,1,0.55,10,2,18,1,3,130155.02,20.4096,72.8238,2026-09-22T18:14:27.972373,2026-09-23T02:08:27.972373,2026-09-23T04:14:27.972373,0.5556178526048015,1,6.5,1
SHP-1436,MMX-25445960,NODE-MUM-106,NODE-MUM-107,Mumbai Major Hub 2,Mumbai Major Hub 3,ROUTE-537,NODE-MUM-107,DELIVERED,EXPRESS,FMCG,BlueDart Logistics,3.3,34.2,63.2,30.6,42.3,0.3,0.07,5,0.5,10,1,12,2,8,1550432.76,19.0048,72.9436,2026-09-23T12:14:27.972373,2026-09-23T12:20:27.972373,2026-09-23T12:20:27.972373,0.38370473902098884,0,3.3,0
SHP-1437,MMX-50884443,NODE-BEN-120,NODE-CHE-127,Bengaluru Major Hub 2,Chennai Major Hub 2,ROUTE-569,NODE-CHE-127,DELIVERED,EXPRESS,ELECTRONICS,BlueDart Logistics,308.8,45.6,47.2,24.8,58.3,0.3,0.28,1,0.56,5,4,20,1,2,776632.48,13.0925,80.3404,2026-09-22T20:14:27.972373,2026-09-23T01:50:27.972373,2026-09-23T03:26:27.972373,0.46043077727856463,1,4.7,1
SHP-1438,MMX-15609238,NODE-JAI-148,NODE-CUST-152,Jaipur Major Hub 2,Jaipur Zone 3 Retail Cluster,ROUTE-646,NODE-CUST-152,DELIVERED,EXPRESS,FMCG,BlueDart Logistics,24.3,24.6,54.1,20.8,83.6,0.42,0.06,2,0.63,4,4,16,2,7,2885988.72,26.8304,75.6581,2026-09-23T16:14:27.972373,2026-09-23T16:56:27.972373,2026-09-23T16:56:27.972373,0.41849492708925545,0,3.7,0
SHP-1439,MMX-88538733,NODE-PORT-101,NODE-PORT-104,JNPT Nhava Sheva Port,Mundra Container Terminal,ROUTE-501,NODE-PORT-104,DELIVERED,CRITICAL_SLA,FMCG,BlueDart Logistics,548.6,35.9,64.2,18.0,82.0,0.51,0.27,5,0.66,5,5,1,2,7,2997763.51,22.84,69.7,2026-09-23T01:14:27.972373,2026-09-23T11:14:27.972373,2026-09-23T13:56:27.972373,0.43933087803224224,0,4.1,0
SHP-1440,MMX-55987725,NODE-PORT-103,NODE-CUST-139,Syama Prasad Mookerjee Port,Kolkata Zone 4 Retail Cluster,ROUTE-631,NODE-CUST-139,DELIVERED,STANDARD,AUTOMOTIVE,BlueDart Logistics,5.0,28.9,51.0,19.0,44.0,0.69,0.16,2,0.68,9,2,8,2,7,672008.02,22.5216,88.3328,2026-09-23T08:14:27.972373,2026-09-23T08:44:27.972373,2026-09-23T08:50:27.972373,0.5797226150551691,1,10.1,1
SHP-1441,MMX-11285619,NODE-PUN-161,NODE-CUST-167,Pune Major Hub 1,Pune Zone 4 Retail Cluster,ROUTE-663,NODE-CUST-167,IN_TRANSIT,CRITICAL_SLA,AUTOMOTIVE,BlueDart Logistics,16.1,44.9,42.4,31.8,55.4,0.49,0.17,5,0.42,6,0,12,1,3,1957007.71,18.635,73.8182,2026-09-22T12:14:27.972373,2026-09-22T12:44:27.972373,2026-09-22T12:50:27.972373,0.34270327244696536,0,3.1,0
SHP-1442,MMX-57378150,NODE-MUM-107,NODE-PUN-161,Mumbai Major Hub 3,Pune Major Hub 1,ROUTE-545,NODE-MUM-107,IN_TRANSIT,CRITICAL_SLA,FMCG,BlueDart Logistics,110.0,69.2,56.1,28.7,64.2,0.77,0.14,6,0.55,2,4,19,1,1,2683087.97,18.8125,73.3809,2026-09-22T19:14:27.972373,2026-09-22T21:14:27.972373,2026-09-22T21:32:27.972373,0.4293652625952954,0,4.5,0
SHP-1443,MMX-35704262,NODE-PORT-101,NODE-CUST-110,JNPT Nhava Sheva Port,Mumbai Zone 3 Retail Cluster,ROUTE-597,NODE-CUST-110,IN_TRANSIT,EXPRESS,TEXTILES,BlueDart Logistics,27.0,41.3,60.2,29.4,84.3,0.21,0.18,3,0.66,4,3,10,2,1,703486.26,19.1143,72.929,2026-09-23T10:14:27.972373,2026-09-23T11:02:27.972373,2026-09-23T11:08:27.972373,0.20812789499800616,0,2.9,0
SHP-1444,MMX-24890990,NODE-PORT-104,NODE-AHM-141,Mundra Container Terminal,Ahmedabad Major Hub 2,ROUTE-524,NODE-AHM-141,DELIVERED,CRITICAL_SLA,TEXTILES,BlueDart Logistics,289.0,36.7,56.5,21.3,62.2,0.41,0.32,3,0.71,8,5,13,2,4,71049.43,23.003,72.516,2026-09-23T13:14:27.972373,2026-09-23T18:32:27.972373,2026-09-23T20:14:27.972373,0.5005439980243604,1,5.7,1
SHP-1445,MMX-40596967,NODE-BEN-121,NODE-CHE-127,Bengaluru Major Hub 3,Chennai Major Hub 2,ROUTE-572,NODE-BEN-121,IN_TRANSIT,CRITICAL_SLA,TEXTILES,BlueDart Logistics,299.6,47.2,51.6,27.2,65.5,0.68,0.11,5,0.47,3,0,0,3,3,2250621.64,13.0605,78.4925,2026-09-24T00:14:27.972373,2026-09-24T05:38:27.972373,2026-09-24T06:14:27.972373,0.27727652497475735,0,3.3,0
SHP-1446,MMX-53352227,NODE-AHM-140,NODE-CUST-143,Ahmedabad Major Hub 1,Ahmedabad Zone 1 Retail Cluster,ROUTE-634,NODE-CUST-143,DELIVERED,EXPRESS,INDUSTRIAL_EQUIPMENT,BlueDart Logistics,27.1,30.6,55.3,31.9,71.2,0.55,0.09,3,0.43,9,3,15,1,1,2816776.59,23.1866,72.7206,2026-09-22T15:14:27.972373,2026-09-22T16:02:27.972373,2026-09-22T16:08:27.972373,0.41748362744150197,0,3.6,0
SHP-1447,MMX-52445278,NODE-BEN-119,NODE-CUST-123,Bengaluru Major Hub 1,Bengaluru Zone 2 Retail Cluster,ROUTE-611,NODE-CUST-123,DELIVERED,EXPRESS,FMCG,BlueDart Logistics,28.4,26.7,50.5,24.9,63.3,0.14,0.14,6,0.46,4,0,16,2,5,2759254.9,13.0979,77.4236,2026-09-23T16:14:27.972373,2026-09-23T17:02:27.972373,2026-09-23T17:08:27.972373,0.3223299123048425,0,3.2,0
SHP-1448,MMX-13741017,NODE-PORT-101,NODE-MUM-105,JNPT Nhava Sheva Port,Bhiwandi Central Mega Hub (H04),ROUTE-502,NODE-PORT-101,IN_TRANSIT,STANDARD,FMCG,BlueDart Logistics,15.8,38.4,61.4,29.3,84.6,0.29,0.29,6,0.66,7,0,18,1,4,630786.61,19.0019,72.9433,2026-09-22T18:14:27.972373,2026-09-22T18:32:27.972373,2026-09-22T18:38:27.972373,0.30650601068363226,0,3.5,0
SHP-1449,MMX-22840710,NODE-PORT-102,NODE-CUST-132,Chennai Port Trust,Chennai Zone 4 Retail Cluster,ROUTE-623,NODE-CUST-132,IN_TRANSIT,STANDARD,FMCG,BlueDart Logistics,22.6,52.6,53.8,22.7,51.3,0.19,0.18,2,0.86,6,0,16,2,6,1583041.38,13.2146,80.3966,2026-09-23T16:14:27.972373,2026-09-23T16:50:27.972373,2026-09-23T16:56:27.972373,0.3268066541331653,0,2.9,0
SHP-1450,MMX-18830219,NODE-PUN-161,NODE-CUST-166,Pune Major Hub 1,Pune Zone 3 Retail Cluster,ROUTE-661,NODE-PUN-161,DELAYED,CRITICAL_SLA,FMCG,BlueDart Logistics,11.1,26.9,64.2,30.8,57.0,0.86,0.05,6,0.42,2,1,15,2,1,2761391.57,18.5939,73.9099,2026-09-23T15:14:27.972373,2026-09-23T15:44:27.972373,2026-09-23T15:44:27.972373,0.3630393239055525,0,3.6,0
SHP-1451,MMX-55582551,NODE-PORT-104,NODE-PUN-161,Mundra Container Terminal,Pune Major Hub 1,ROUTE-527,NODE-PUN-161,IN_TRANSIT,STANDARD,INDUSTRIAL_EQUIPMENT,BlueDart Logistics,643.0,50.8,43.8,23.3,44.3,0.74,0.1,2,0.71,10,5,18,1,1,1387563.18,19.8356,72.6614,2026-09-22T18:14:27.972373,2026-09-23T05:56:27.972373,2026-09-23T07:08:27.972373,0.5203660451363413,1,4.5,1
SHP-1452,MMX-34954217,NODE-PORT-101,NODE-HYD-154,JNPT Nhava Sheva Port,Hyderabad Major Hub 1,ROUTE-507,NODE-PORT-101,IN_TRANSIT,CRITICAL_SLA,FMCG,BlueDart Logistics,600.9,38.1,40.8,19.4,66.8,0.16,0.23,2,0.66,10,1,16,2,9,806044.0,18.1886,75.6015,2026-09-23T16:14:27.972373,2026-09-24T03:08:27.972373,2026-09-24T05:38:27.972373,0.460757116025062,1,4.0,1
SHP-1453,MMX-59503523,NODE-BEN-119,NODE-CHE-127,Bengaluru Major Hub 1,Chennai Major Hub 2,ROUTE-563,NODE-CHE-127,IN_TRANSIT,STANDARD,PHARMA,BlueDart Logistics,291.0,23.3,44.4,24.1,83.2,0.74,0.05,3,0.46,10,4,6,2,3,484856.73,13.0449,79.1925,2026-09-23T06:14:27.972373,2026-09-23T11:32:27.972373,2026-09-23T11:50:27.972373,0.4907136976832228,1,4.8,1
SHP-1454,MMX-19180999,NODE-PORT-101,NODE-MUM-106,JNPT Nhava Sheva Port,Mumbai Major Hub 2,ROUTE-503,NODE-MUM-106,DELIVERED,CRITICAL_SLA,TEXTILES,BlueDart Logistics,8.1,56.2,39.3,21.3,76.9,0.58,0.12,1,0.66,7,2,0,2,4,2930706.78,19.0205,72.97,2026-09-23T00:14:27.972373,2026-09-23T00:20:27.972373,2026-09-23T00:20:27.972373,0.4572023257758922,1,4.1,1
SHP-1455,MMX-76562688,NODE-HYD-154,NODE-HYD-156,Hyderabad Major Hub 1,Hyderabad Major Hub 3,ROUTE-588,NODE-HYD-154,AT_RISK,CRITICAL_SLA,PHARMA,BlueDart Logistics,14.2,46.2,55.8,24.5,71.2,0.82,0.21,5,0.43,6,4,14,1,5,1285151.1,17.3878,78.4247,2026-09-22T14:14:27.972373,2026-09-22T14:32:27.972373,2026-09-22T14:38:27.972373,0.49298711908137804,1,5.2,1
SHP-1456,MMX-58034735,NODE-DEL-114,NODE-JAI-147,Delhi NCR Major Hub 3,Jaipur Major Hub 1,ROUTE-557,NODE-DEL-114,IN_TRANSIT,CRITICAL_SLA,ELECTRONICS,BlueDart Logistics,245.1,32.3,41.9,26.7,50.8,0.72,0.14,3,0.67,7,1,16,1,7,593521.31,27.8873,76.5778,2026-09-22T16:14:27.972373,2026-09-22T20:44:27.972373,2026-09-22T21:20:27.972373,0.44885635838688276,0,5.2,0
SHP-1457,MMX-84424395,NODE-PORT-101,NODE-PUN-161,JNPT Nhava Sheva Port,Pune Major Hub 1,ROUTE-508,NODE-PUN-161,IN_TRANSIT,STANDARD,TEXTILES,BlueDart Logistics,106.9,27.8,48.2,26.8,81.1,0.41,0.35,1,0.66,4,1,9,2,5,563732.5,18.7137,73.5646,2026-09-23T09:14:27.972373,2026-09-23T11:08:27.972373,2026-09-23T11:50:27.972373,0.45814848200227215,1,5.8,1
SHP-1458,MMX-98705666,NODE-BEN-119,NODE-CHE-127,Bengaluru Major Hub 1,Chennai Major Hub 2,ROUTE-563,NODE-BEN-119,IN_TRANSIT,STANDARD,PHARMA,BlueDart Logistics,291.0,21.2,60.3,30.7,40.9,0.68,0.05,4,0.46,2,2,11,2,4,949963.52,13.0268,78.7535,2026-09-23T11:14:27.972373,2026-09-23T16:32:27.972373,2026-09-23T16:50:27.972373,0.3812378838790314,0,3.5,0
SHP-1459,MMX-16200213,NODE-MUM-107,NODE-AHM-142,Mumbai Major Hub 3,Ahmedabad Major Hub 3,ROUTE-544,NODE-AHM-142,DELAYED,CRITICAL_SLA,TEXTILES,BlueDart Logistics,437.0,68.5,61.4,18.9,46.5,0.89,0.26,2,0.55,4,4,3,2,7,2098343.99,21.2364,72.7532,2026-09-23T03:14:27.972373,2026-09-23T11:08:27.972373,2026-09-23T13:14:27.972373,0.5453175347326411,1,4.9,1
SHP-1460,MMX-32472549,NODE-PUN-162,NODE-CUST-164,Pune Major Hub 2,Pune Zone 1 Retail Cluster,ROUTE-658,NODE-CUST-164,IN_TRANSIT,STANDARD,TEXTILES,BlueDart Logistics,20.4,67.0,43.8,20.1,51.1,0.64,0.19,3,0.73,3,4,16,1,8,667250.84,18.5187,73.7491,2026-09-22T16:14:27.972373,2026-09-22T16:50:27.972373,2026-09-22T16:56:27.972373,0.4676061053705575,1,4.1,1
SHP-1461,MMX-95645083,NODE-PORT-103,NODE-CUST-139,Syama Prasad Mookerjee Port,Kolkata Zone 4 Retail Cluster,ROUTE-631,NODE-CUST-139,DELIVERED,CRITICAL_SLA,FMCG,BlueDart Logistics,5.0,61.3,46.2,25.3,48.1,0.71,0.16,5,0.68,8,5,13,2,8,1447586.56,22.5216,88.3328,2026-09-23T13:14:27.972373,2026-09-23T13:44:27.972373,2026-09-23T13:50:27.972373,0.6897362566458194,1,7.1,1
SHP-1462,MMX-28029509,NODE-HYD-155,NODE-CUST-157,Hyderabad Major Hub 2,Hyderabad Zone 1 Retail Cluster,ROUTE-650,NODE-HYD-155,IN_TRANSIT,STANDARD,INDUSTRIAL_EQUIPMENT,BlueDart Logistics,26.3,31.4,61.8,24.3,50.5,0.29,0.06,4,0.8,7,4,17,1,3,2809721.78,17.3984,78.4308,2026-09-22T17:14:27.972373,2026-09-22T18:02:27.972373,2026-09-22T18:02:27.972373,0.3982631775985864,0,4.9,0
SHP-1463,MMX-13317620,NODE-PORT-104,NODE-MUM-105,Mundra Container Terminal,Bhiwandi Central Mega Hub (H04),ROUTE-522,NODE-PORT-104,IN_TRANSIT,EXPRESS,AUTOMOTIVE,BlueDart Logistics,535.1,48.5,41.9,18.6,63.1,0.39,0.12,4,0.71,8,3,12,2,7,1134160.23,21.4458,70.9019,2026-09-23T12:14:27.972373,2026-09-23T21:56:27.972373,2026-09-23T23:08:27.972373,0.4210137246003707,0,3.6,0
SHP-1464,MMX-36884696,NODE-MUM-107,NODE-PUN-162,Mumbai Major Hub 3,Pune Major Hub 2,ROUTE-546,NODE-MUM-107,IN_TRANSIT,STANDARD,FMCG,BlueDart Logistics,108.9,34.6,37.3,30.6,53.3,0.53,0.18,5,0.55,2,2,22,2,4,340306.87,18.8307,73.3169,2026-09-23T22:14:27.972373,2026-09-24T00:14:27.972373,2026-09-24T00:38:27.972373,0.3856989955367111,0,6.6,0
SHP-1465,MMX-56524207,NODE-JAI-148,NODE-JAI-149,Jaipur Major Hub 2,Jaipur Major Hub 3,ROUTE-586,NODE-JAI-149,IN_TRANSIT,CRITICAL_SLA,PHARMA,BlueDart Logistics,23.0,38.1,44.1,29.4,70.8,0.33,0.22,6,0.63,10,1,6,2,9,2741528.46,26.916,75.7775,2026-09-23T06:14:27.972373,2026-09-23T06:38:27.972373,2026-09-23T06:44:27.972373,0.4433835975154586,0,3.8,0
SHP-1466,MMX-72912993,NODE-DEL-113,NODE-CUST-116,Okhla Fulfilment Center (H02),Delhi NCR Zone 2 Retail Cluster,ROUTE-604,NODE-CUST-116,IN_TRANSIT,CRITICAL_SLA,FMCG,BlueDart Logistics,23.7,61.7,35.4,27.2,84.5,0.91,0.05,4,0.89,4,1,23,2,4,1449592.84,28.6669,77.2313,2026-09-23T23:14:27.972373,2026-09-23T23:56:27.972373,2026-09-23T23:56:27.972373,0.47995152002333885,1,5.0,1
SHP-1467,MMX-77082048,NODE-PORT-102,NODE-CUST-130,Chennai Port Trust,Chennai Zone 2 Retail Cluster,ROUTE-619,NODE-PORT-102,IN_TRANSIT,STANDARD,AUTOMOTIVE,BlueDart Logistics,19.9,37.2,40.6,28.8,71.4,0.28,0.13,4,0.86,9,0,12,1,6,459903.17,13.1238,80.3458,2026-09-22T12:14:27.972373,2026-09-22T12:50:27.972373,2026-09-22T12:56:27.972373,0.41970833500217125,0,5.0,0
SHP-1468,MMX-86261289,NODE-PUN-161,NODE-PUN-163,Pune Major Hub 1,Pune Major Hub 3,ROUTE-591,NODE-PUN-163,IN_TRANSIT,STANDARD,AUTOMOTIVE,BlueDart Logistics,4.4,43.1,55.6,23.6,75.0,0.56,0.34,3,0.42,10,0,9,2,1,2770325.36,18.6159,73.8719,2026-09-23T09:14:27.972373,2026-09-23T09:20:27.972373,2026-09-23T09:20:27.972373,0.4208753855023653,0,6.0,0
SHP-1469,MMX-22514663,NODE-PUN-162,NODE-CUST-166,Pune Major Hub 2,Pune Zone 3 Retail Cluster,ROUTE-662,NODE-CUST-166,IN_TRANSIT,CRITICAL_SLA,TEXTILES,BlueDart Logistics,13.6,51.6,46.7,23.3,82.7,0.15,0.17,4,0.73,4,3,7,2,2,1020082.02,18.5996,73.9431,2026-09-23T07:14:27.972373,2026-09-23T07:44:27.972373,2026-09-23T07:50:27.972373,0.2904749426194737,0,4.0,0
SHP-1470,MMX-19392480,NODE-MUM-107,NODE-AHM-142,Mumbai Major Hub 3,Ahmedabad Major Hub 3,ROUTE-544,NODE-AHM-142,DELIVERED,CRITICAL_SLA,ELECTRONICS,BlueDart Logistics,437.0,50.4,36.0,27.6,62.0,0.26,0.26,1,0.55,7,2,21,2,4,737466.31,22.922,72.6094,2026-09-23T21:14:27.972373,2026-09-24T05:08:27.972373,2026-09-24T07:14:27.972373,0.334709087967766,0,4.8,0
SHP-1471,MMX-27439215,NODE-PORT-102,NODE-CUST-129,Chennai Port Trust,Chennai Zone 1 Retail Cluster,ROUTE-617,NODE-PORT-102,IN_TRANSIT,EXPRESS,ELECTRONICS,BlueDart Logistics,21.0,48.5,40.2,30.0,58.5,0.23,0.05,1,0.86,3,4,1,2,7,1460840.87,13.0181,80.3395,2026-09-23T01:14:27.972373,2026-09-23T01:50:27.972373,2026-09-23T01:50:27.972373,0.39074741514241784,0,3.8,0
SHP-1472,MMX-18585913,NODE-DEL-113,NODE-DEL-114,Okhla Fulfilment Center (H02),Delhi NCR Major Hub 3,ROUTE-553,NODE-DEL-114,IN_TRANSIT,EXPRESS,AUTOMOTIVE,BlueDart Logistics,4.6,65.0,54.9,20.2,65.9,0.36,0.31,2,0.89,9,5,16,2,8,862550.88,28.616,77.1438,2026-09-23T16:14:27.972373,2026-09-23T16:20:27.972373,2026-09-23T16:20:27.972373,0.45840394176322063,1,5.9,1
SHP-1473,MMX-62491260,NODE-DEL-112,NODE-CUST-116,Delhi NCR Major Hub 1,Delhi NCR Zone 2 Retail Cluster,ROUTE-603,NODE-CUST-116,DELIVERED,STANDARD,TEXTILES,BlueDart Logistics,20.5,48.9,62.3,30.3,60.7,0.59,0.13,6,0.79,2,2,7,2,8,1073006.43,28.7339,77.3056,2026-09-23T07:14:27.972373,2026-09-23T07:50:27.972373,2026-09-23T07:56:27.972373,0.3882404468900725,0,3.4,0
SHP-1474,MMX-46745629,NODE-PUN-161,NODE-CUST-164,Pune Major Hub 1,Pune Zone 1 Retail Cluster,ROUTE-657,NODE-PUN-161,AT_RISK,EXPRESS,PHARMA,BlueDart Logistics,23.0,33.7,62.0,28.3,60.6,0.87,0.05,2,0.42,10,0,22,1,7,2111002.03,18.5588,73.8291,2026-09-22T22:14:27.972373,2026-09-22T22:56:27.972373,2026-09-22T22:56:27.972373,0.5428437133722263,1,7.3,1
SHP-1475,MMX-65042162,NODE-PUN-161,NODE-CUST-166,Pune Major Hub 1,Pune Zone 3 Retail Cluster,ROUTE-661,NODE-CUST-166,AT_RISK,EXPRESS,TEXTILES,BlueDart Logistics,11.1,56.7,37.0,28.2,80.6,0.87,0.05,4,0.42,9,0,8,2,6,275774.23,18.6034,73.9414,2026-09-23T08:14:27.972373,2026-09-23T08:44:27.972373,2026-09-23T08:44:27.972373,0.5367483856750642,1,5.5,1
SHP-1476,MMX-25392453,NODE-BEN-120,NODE-CUST-125,Bengaluru Major Hub 2,Bengaluru Zone 4 Retail Cluster,ROUTE-616,NODE-BEN-120,IN_TRANSIT,EXPRESS,PHARMA,BlueDart Logistics,15.6,31.4,36.3,18.4,68.7,0.67,0.11,4,0.56,7,2,4,2,7,2574530.78,12.9525,77.4797,2026-09-23T04:14:27.972373,2026-09-23T04:44:27.972373,2026-09-23T04:50:27.972373,0.46104819802218117,1,6.0,1
SHP-1477,MMX-33788294,NODE-MUM-105,NODE-PUN-162,Bhiwandi Central Mega Hub (H04),Pune Major Hub 2,ROUTE-535,NODE-PUN-162,IN_TRANSIT,CRITICAL_SLA,AUTOMOTIVE,BlueDart Logistics,114.6,61.2,49.5,19.0,64.7,0.31,0.13,4,0.94,3,3,18,1,5,2532609.47,18.7085,73.6246,2026-09-22T18:14:27.972373,2026-09-22T20:20:27.972373,2026-09-22T20:38:27.972373,0.43732784815278836,0,4.4,0
SHP-1478,MMX-39013376,NODE-CHE-127,NODE-CHE-128,Chennai Major Hub 2,Chennai Major Hub 3,ROUTE-576,NODE-CHE-128,DELIVERED,CRITICAL_SLA,ELECTRONICS,BlueDart Logistics,15.0,60.8,40.1,27.4,40.5,0.33,0.18,4,0.47,6,1,22,2,4,2157516.2,12.9626,80.378,2026-09-23T22:14:27.972373,2026-09-23T22:32:27.972373,2026-09-23T22:38:27.972373,0.34056250772717683,0,4.1,0
SHP-1479,MMX-43514137,NODE-BEN-120,NODE-CUST-124,Bengaluru Major Hub 2,Bengaluru Zone 3 Retail Cluster,ROUTE-614,NODE-CUST-124,AT_RISK,STANDARD,INDUSTRIAL_EQUIPMENT,BlueDart Logistics,23.3,66.0,59.3,27.0,72.2,0.86,0.14,4,0.56,5,3,0,2,1,1814705.78,13.033,77.6279,2026-09-23T00:14:27.972373,2026-09-23T00:56:27.972373,2026-09-23T01:02:27.972373,0.612944040422762,1,6.1,1
SHP-1480,MMX-32420703,NODE-MUM-105,NODE-CUST-109,Bhiwandi Central Mega Hub (H04),Mumbai Zone 2 Retail Cluster,ROUTE-596,NODE-CUST-109,DELIVERED,STANDARD,PHARMA,BlueDart Logistics,8.4,25.0,47.7,31.9,55.2,0.26,0.11,6,0.94,2,1,22,1,2,2400926.29,19.1564,72.8904,2026-09-22T22:14:27.972373,2026-09-22T22:44:27.972373,2026-09-22T22:50:27.972373,0.4239787455717289,0,5.2,0
SHP-1481,MMX-12012537,NODE-PORT-102,NODE-BEN-119,Chennai Port Trust,Bengaluru Major Hub 1,ROUTE-512,NODE-PORT-102,IN_TRANSIT,CRITICAL_SLA,FMCG,BlueDart Logistics,285.9,25.9,44.8,25.9,48.5,0.28,0.22,5,0.86,7,3,23,1,2,735604.01,13.043,79.2394,2026-09-22T23:14:27.972373,2026-09-23T04:26:27.972373,2026-09-23T05:32:27.972373,0.4566041204259617,1,4.0,1
SHP-1482,MMX-23665188,NODE-DEL-112,NODE-CUST-116,Delhi NCR Major Hub 1,Delhi NCR Zone 2 Retail Cluster,ROUTE-603,NODE-DEL-112,IN_TRANSIT,EXPRESS,INDUSTRIAL_EQUIPMENT,BlueDart Logistics,20.5,20.7,41.4,21.1,69.6,0.34,0.13,5,0.79,6,0,19,2,2,2662107.15,28.6218,77.2655,2026-09-23T19:14:27.972373,2026-09-23T19:50:27.972373,2026-09-23T19:56:27.972373,0.33372297796997874,0,2.9,0
SHP-1483,MMX-99438746,NODE-AHM-140,NODE-CUST-145,Ahmedabad Major Hub 1,Ahmedabad Zone 3 Retail Cluster,ROUTE-638,NODE-CUST-145,DELIVERED,STANDARD,TEXTILES,BlueDart Logistics,10.7,33.9,37.8,22.5,68.4,0.43,0.08,6,0.43,3,2,8,2,3,1924292.68,23.1924,72.4892,2026-09-23T08:14:27.972373,2026-09-23T08:44:27.972373,2026-09-23T08:44:27.972373,0.2276776839871214,0,2.3,0
SHP-1484,MMX-51452961,NODE-CHE-126,NODE-CUST-132,Chennai Major Hub 1,Chennai Zone 4 Retail Cluster,ROUTE-624,NODE-CUST-132,DELIVERED,EXPRESS,ELECTRONICS,BlueDart Logistics,23.1,21.0,62.4,24.3,63.0,0.73,0.05,5,0.63,10,5,19,1,1,736187.42,13.2452,80.4208,2026-09-22T19:14:27.972373,2026-09-22T19:56:27.972373,2026-09-22T19:56:27.972373,0.5691731817933612,1,5.0,1
SHP-1485,MMX-54116005,NODE-BEN-119,NODE-BEN-121,Bengaluru Major Hub 1,Bengaluru Major Hub 3,ROUTE-561,NODE-BEN-121,DELIVERED,EXPRESS,INDUSTRIAL_EQUIPMENT,BlueDart Logistics,11.3,61.6,53.6,18.8,56.9,0.35,0.27,2,0.46,7,1,16,2,1,752288.71,13.0446,77.5751,2026-09-23T16:14:27.972373,2026-09-23T16:26:27.972373,2026-09-23T16:32:27.972373,0.2806824627357849,0,4.9,0
SHP-1486,MMX-39855935,NODE-MUM-105,NODE-PUN-162,Bhiwandi Central Mega Hub (H04),Pune Major Hub 2,ROUTE-535,NODE-PUN-162,IN_TRANSIT,EXPRESS,AUTOMOTIVE,BlueDart Logistics,114.6,55.4,57.8,25.3,84.0,0.65,0.13,3,0.94,1,1,3,2,6,1061048.83,18.8173,73.4277,2026-09-23T03:14:27.972373,2026-09-23T05:20:27.972373,2026-09-23T05:38:27.972373,0.37838731452011637,0,3.5,0
SHP-1487,MMX-37430524,NODE-HYD-155,NODE-CUST-160,Hyderabad Major Hub 2,Hyderabad Zone 4 Retail Cluster,ROUTE-656,NODE-HYD-155,IN_TRANSIT,CRITICAL_SLA,FMCG,BlueDart Logistics,26.1,37.7,48.3,18.1,79.1,0.16,0.06,2,0.8,1,5,23,2,3,2817909.85,17.3731,78.5005,2026-09-23T23:14:27.972373,2026-09-23T23:56:27.972373,2026-09-23T23:56:27.972373,0.3036713557878737,0,7.1,0
SHP-1488,MMX-46488536,NODE-BEN-119,NODE-BEN-121,Bengaluru Major Hub 1,Bengaluru Major Hub 3,ROUTE-561,NODE-BEN-121,DELIVERED,STANDARD,TEXTILES,BlueDart Logistics,11.3,43.4,49.0,20.3,48.9,0.46,0.27,5,0.46,4,2,0,2,5,1750444.4,13.0446,77.5751,2026-09-23T00:14:27.972373,2026-09-23T00:26:27.972373,2026-09-23T00:32:27.972373,0.33592259981928035,0,3.3,0
SHP-1489,MMX-89884158,NODE-CHE-126,NODE-CUST-132,Chennai Major Hub 1,Chennai Zone 4 Retail Cluster,ROUTE-624,NODE-CUST-132,IN_TRANSIT,EXPRESS,ELECTRONICS,BlueDart Logistics,23.1,41.9,40.0,24.2,62.7,0.72,0.05,2,0.63,8,0,7,2,7,1310822.0,13.2229,80.3569,2026-09-23T07:14:27.972373,2026-09-23T07:56:27.972373,2026-09-23T07:56:27.972373,0.5368570817536282,1,4.8,1
SHP-1490,MMX-10561104,NODE-AHM-140,NODE-CUST-145,Ahmedabad Major Hub 1,Ahmedabad Zone 3 Retail Cluster,ROUTE-638,NODE-AHM-140,IN_TRANSIT,CRITICAL_SLA,PHARMA,BlueDart Logistics,10.7,60.0,42.7,24.5,60.4,0.42,0.08,5,0.43,8,0,0,2,6,453136.23,23.1248,72.4781,2026-09-23T00:14:27.972373,2026-09-23T00:44:27.972373,2026-09-23T00:44:27.972373,0.38558198784747255,0,5.1,0
SHP-1491,MMX-26707088,NODE-PORT-101,NODE-MUM-107,JNPT Nhava Sheva Port,Mumbai Major Hub 3,ROUTE-504,NODE-PORT-101,IN_TRANSIT,CRITICAL_SLA,TEXTILES,BlueDart Logistics,6.1,59.9,49.7,31.0,82.3,0.92,0.31,3,0.66,7,3,14,1,5,1941093.73,18.961,72.9487,2026-09-22T14:14:27.972373,2026-09-22T14:20:27.972373,2026-09-22T14:20:27.972373,0.5866013679341691,1,6.3,1
SHP-1492,MMX-66913730,NODE-PORT-101,NODE-CUST-111,JNPT Nhava Sheva Port,Mumbai Zone 4 Retail Cluster,ROUTE-599,NODE-CUST-111,DELIVERED,STANDARD,TEXTILES,BlueDart Logistics,18.0,30.7,48.1,21.6,81.1,0.71,0.09,5,0.66,8,5,12,2,6,2104543.47,18.917,72.7825,2026-09-23T12:14:27.972373,2026-09-23T12:44:27.972373,2026-09-23T12:44:27.972373,0.6244972069445013,1,6.1,1
SHP-1493,MMX-11655896,NODE-BEN-119,NODE-CHE-128,Bengaluru Major Hub 1,Chennai Major Hub 3,ROUTE-564,NODE-BEN-119,IN_TRANSIT,EXPRESS,PHARMA,BlueDart Logistics,294.9,21.9,59.4,26.8,70.4,0.69,0.07,6,0.46,3,2,22,1,8,2835582.4,12.9752,78.5491,2026-09-22T22:14:27.972373,2026-09-23T03:38:27.972373,2026-09-23T04:02:27.972373,0.499368415382381,1,5.2,1
SHP-1494,MMX-98380502,NODE-MUM-105,NODE-CHE-126,Bhiwandi Central Mega Hub (H04),Chennai Major Hub 1,ROUTE-530,NODE-CHE-126,IN_TRANSIT,CRITICAL_SLA,ELECTRONICS,BlueDart Logistics,1018.9,59.1,46.5,27.9,83.8,0.17,0.16,2,0.94,7,1,22,2,7,795970.14,16.1306,76.5793,2026-09-23T22:14:27.972373,2026-09-24T16:44:27.972373,2026-09-24T19:44:27.972373,0.3524357899335868,0,4.5,0
SHP-1495,MMX-51352528,NODE-MUM-105,NODE-CUST-110,Bhiwandi Central Mega Hub (H04),Mumbai Zone 3 Retail Cluster,ROUTE-598,NODE-CUST-110,DELIVERED,EXPRESS,TEXTILES,BlueDart Logistics,11.2,60.4,57.6,30.9,79.1,0.19,0.09,5,0.94,6,1,13,2,5,2258753.71,19.1913,72.9192,2026-09-23T13:14:27.972373,2026-09-23T13:44:27.972373,2026-09-23T13:44:27.972373,0.43065620386348286,0,4.0,0
SHP-1496,MMX-36577865,NODE-PORT-101,NODE-MUM-105,JNPT Nhava Sheva Port,Bhiwandi Central Mega Hub (H04),ROUTE-502,NODE-MUM-105,DELIVERED,EXPRESS,PHARMA,BlueDart Logistics,15.8,20.1,37.1,27.7,63.6,0.66,0.29,6,0.66,7,1,20,1,3,1155221.6,19.0913,72.9317,2026-09-22T20:14:27.972373,2026-09-22T20:32:27.972373,2026-09-22T20:38:27.972373,0.540945502184233,1,11.3,1
SHP-1497,MMX-95420677,NODE-PORT-103,NODE-CUST-136,Syama Prasad Mookerjee Port,Kolkata Zone 1 Retail Cluster,ROUTE-625,NODE-CUST-136,DELIVERED,CRITICAL_SLA,PHARMA,BlueDart Logistics,14.0,72.2,48.5,29.4,48.4,0.15,0.14,2,0.68,4,2,18,1,7,1350154.83,22.4224,88.2722,2026-09-22T18:14:27.972373,2026-09-22T18:44:27.972373,2026-09-22T18:50:27.972373,0.2916376922836772,0,6.9,0
SHP-1498,MMX-22997893,NODE-MUM-107,NODE-AHM-141,Mumbai Major Hub 3,Ahmedabad Major Hub 2,ROUTE-543,NODE-AHM-141,IN_TRANSIT,EXPRESS,ELECTRONICS,BlueDart Logistics,446.8,24.7,38.7,18.9,41.3,0.3,0.22,4,0.55,2,0,14,1,1,834938.21,21.4666,72.6803,2026-09-22T14:14:27.972373,2026-09-22T22:20:27.972373,2026-09-23T00:08:27.972373,0.29998306609581965,0,3.8,0
SHP-1499,MMX-58480869,NODE-DEL-113,NODE-JAI-148,Okhla Fulfilment Center (H02),Jaipur Major Hub 2,ROUTE-555,NODE-JAI-148,IN_TRANSIT,STANDARD,TEXTILES,BlueDart Logistics,229.8,40.7,50.6,31.5,52.0,0.51,0.28,3,0.89,10,3,3,2,6,1143816.11,27.0907,76.0881,2026-09-23T03:14:27.972373,2026-09-23T07:26:27.972373,2026-09-23T08:38:27.972373,0.5052190873307622,1,4.6,1
SHP-1500,MMX-43358157,NODE-DEL-112,NODE-CUST-116,Delhi NCR Major Hub 1,Delhi NCR Zone 2 Retail Cluster,ROUTE-603,NODE-CUST-116,IN_TRANSIT,CRITICAL_SLA,FMCG,BlueDart Logistics,20.5,23.1,45.7,22.6,44.5,0.49,0.13,6,0.79,7,5,5,2,3,125757.26,28.6915,77.2904,2026-09-23T05:14:27.972373,2026-09-23T05:50:27.972373,2026-09-23T05:56:27.972373,0.46986001345178324,1,5.4,1
SHP-1501,MMX-69633763,NODE-PORT-101,NODE-CUST-109,JNPT Nhava Sheva Port,Mumbai Zone 2 Retail Cluster,ROUTE-595,NODE-CUST-109,DELIVERED,CRITICAL_SLA,FMCG,BlueDart Logistics,23.8,57.7,61.1,25.2,69.7,0.1,0.11,6,0.66,6,0,8,2,6,2626631.75,19.1564,72.8904,2026-09-23T08:14:27.972373,2026-09-23T08:56:27.972373,2026-09-23T09:02:27.972373,0.3323088773765821,0,2.9,0
SHP-1502,MMX-86758128,NODE-BEN-119,NODE-BEN-120,Bengaluru Major Hub 1,Bengaluru Major Hub 2,ROUTE-560,NODE-BEN-120,AT_RISK,EXPRESS,TEXTILES,BlueDart Logistics,17.8,42.0,53.4,19.1,59.3,0.89,0.14,4,0.46,2,5,21,2,7,916895.77,12.9766,77.55,2026-09-23T21:14:27.972373,2026-09-23T21:32:27.972373,2026-09-23T21:32:27.972373,0.6349708320235066,1,5.4,1
SHP-1503,MMX-32875131,NODE-KOL-133,NODE-CUST-138,Kolkata Major Hub 1,Kolkata Zone 3 Retail Cluster,ROUTE-630,NODE-KOL-133,IN_TRANSIT,STANDARD,ELECTRONICS,BlueDart Logistics,14.6,47.4,37.6,29.7,84.8,0.94,0.19,4,0.85,3,3,1,2,2,1472397.21,22.5828,88.4663,2026-09-23T01:14:27.972373,2026-09-23T01:44:27.972373,2026-09-23T01:50:27.972373,0.458571621309043,1,4.3,1
SHP-1504,MMX-99318726,NODE-PORT-104,NODE-AHM-140,Mundra Container Terminal,Ahmedabad Major Hub 1,ROUTE-523,NODE-AHM-140,DELIVERED,EXPRESS,ELECTRONICS,BlueDart Logistics,285.4,74.6,35.9,31.0,54.7,0.43,0.23,3,0.71,4,5,19,1,5,2014501.41,23.0976,72.4737,2026-09-22T19:14:27.972373,2026-09-23T00:26:27.972373,2026-09-23T01:38:27.972373,0.5001484618345287,1,5.0,1
SHP-1505,MMX-97767609,NODE-MUM-105,NODE-PUN-162,Bhiwandi Central Mega Hub (H04),Pune Major Hub 2,ROUTE-535,NODE-PUN-162,IN_TRANSIT,CRITICAL_SLA,TEXTILES,BlueDart Logistics,114.6,59.9,37.7,27.7,79.2,0.89,0.13,5,0.94,2,5,12,2,6,1162180.45,18.7432,73.5617,2026-09-23T12:14:27.972373,2026-09-23T14:20:27.972373,2026-09-23T14:38:27.972373,0.5649678715439087,1,7.2,1
SHP-1506,MMX-10225283,NODE-JAI-148,NODE-CUST-151,Jaipur Major Hub 2,Jaipur Zone 2 Retail Cluster,ROUTE-644,NODE-CUST-151,IN_TRANSIT,STANDARD,FMCG,BlueDart Logistics,19.9,32.3,38.5,19.2,44.0,0.73,0.11,2,0.63,2,4,0,3,6,425881.53,26.8442,75.7398,2026-09-24T00:14:27.972373,2026-09-24T00:50:27.972373,2026-09-24T00:56:27.972373,0.46264373081176524,1,5.5,1
SHP-1507,MMX-52402900,NODE-AHM-140,NODE-AHM-141,Ahmedabad Major Hub 1,Ahmedabad Major Hub 2,ROUTE-580,NODE-AHM-141,IN_TRANSIT,CRITICAL_SLA,ELECTRONICS,BlueDart Logistics,11.4,49.5,60.4,31.7,54.4,0.41,0.23,6,0.43,3,4,17,2,4,364428.47,23.0478,72.496,2026-09-23T17:14:27.972373,2026-09-23T17:26:27.972373,2026-09-23T17:26:27.972373,0.35538030378805663,0,4.6,0
SHP-1508,MMX-46702178,NODE-MUM-106,NODE-AHM-141,Mumbai Major Hub 2,Ahmedabad Major Hub 2,ROUTE-538,NODE-AHM-141,DELIVERED,STANDARD,AUTOMOTIVE,BlueDart Logistics,445.3,47.5,48.7,26.4,46.6,0.67,0.15,6,0.5,1,4,19,1,6,961229.71,23.003,72.516,2026-09-22T19:14:27.972373,2026-09-23T03:20:27.972373,2026-09-23T04:32:27.972373,0.4093004615160093,0,4.1,0
SHP-1509,MMX-34027688,NODE-JAI-147,NODE-CUST-153,Jaipur Major Hub 1,Jaipur Zone 4 Retail Cluster,ROUTE-647,NODE-CUST-153,AT_RISK,CRITICAL_SLA,FMCG,BlueDart Logistics,35.0,65.6,49.9,27.9,57.0,0.93,0.19,3,0.66,3,5,15,1,4,2551806.35,26.9691,75.8682,2026-09-22T15:14:27.972373,2026-09-22T16:14:27.972373,2026-09-22T16:26:27.972373,0.5639260813972414,1,5.3,1
SHP-1510,MMX-47988968,NODE-PORT-103,NODE-CUST-136,Syama Prasad Mookerjee Port,Kolkata Zone 1 Retail Cluster,ROUTE-625,NODE-PORT-103,IN_TRANSIT,EXPRESS,INDUSTRIAL_EQUIPMENT,BlueDart Logistics,14.0,36.5,59.5,30.8,47.2,0.12,0.14,4,0.68,6,3,21,2,8,2971427.18,22.4902,88.2997,2026-09-23T21:14:27.972373,2026-09-23T21:44:27.972373,2026-09-23T21:50:27.972373,0.3424524941794481,0,3.5,0
SHP-1511,MMX-29437798,NODE-BEN-121,NODE-CHE-128,Bengaluru Major Hub 3,Chennai Major Hub 3,ROUTE-573,NODE-CHE-128,DELAYED,STANDARD,INDUSTRIAL_EQUIPMENT,BlueDart Logistics,303.8,58.6,51.4,19.4,54.6,0.77,0.1,1,0.47,5,3,6,2,3,1752614.36,12.9924,79.361,2026-09-23T06:14:27.972373,2026-09-23T11:44:27.972373,2026-09-23T12:20:27.972373,0.45252284128899195,1,9.1,1
SHP-1512,MMX-34109916,NODE-DEL-113,NODE-JAI-147,Okhla Fulfilment Center (H02),Jaipur Major Hub 1,ROUTE-554,NODE-DEL-113,IN_TRANSIT,CRITICAL_SLA,PHARMA,BlueDart Logistics,240.8,30.8,54.5,23.1,78.5,0.19,0.11,2,0.89,7,3,18,2,3,2781656.74,27.8718,76.5796,2026-09-23T18:14:27.972373,2026-09-23T22:38:27.972373,2026-09-23T23:08:27.972373,0.3724880945275432,0,3.2,0
SHP-1513,MMX-97616925,NODE-PORT-102,NODE-BEN-121,Chennai Port Trust,Bengaluru Major Hub 3,ROUTE-514,NODE-BEN-121,DELIVERED,CRITICAL_SLA,ELECTRONICS,BlueDart Logistics,294.4,55.8,52.8,31.6,68.2,0.44,0.3,1,0.86,2,1,23,1,7,1491446.39,13.0446,77.5751,2026-09-22T23:14:27.972373,2026-09-23T04:38:27.972373,2026-09-23T06:14:27.972373,0.4270525976566796,0,6.1,0
SHP-1514,MMX-40190270,NODE-PORT-101,NODE-CUST-110,JNPT Nhava Sheva Port,Mumbai Zone 3 Retail Cluster,ROUTE-597,NODE-PORT-101,IN_TRANSIT,CRITICAL_SLA,INDUSTRIAL_EQUIPMENT,BlueDart Logistics,27.0,56.2,58.3,30.1,69.3,0.33,0.18,6,0.66,8,2,20,2,1,404001.14,19.0068,72.9427,2026-09-23T20:14:27.972373,2026-09-23T21:02:27.972373,2026-09-23T21:08:27.972373,0.3081218168979201,0,3.7,0
SHP-1515,MMX-82143514,NODE-PORT-101,NODE-AHM-142,JNPT Nhava Sheva Port,Ahmedabad Major Hub 3,ROUTE-506,NODE-PORT-101,IN_TRANSIT,CRITICAL_SLA,TEXTILES,BlueDart Logistics,443.1,74.3,49.4,27.7,44.3,0.6,0.33,4,0.66,8,5,16,1,7,930171.87,19.8223,72.8752,2026-09-22T16:14:27.972373,2026-09-23T00:20:27.972373,2026-09-23T03:02:27.972373,0.5541614334715833,1,5.4,1
SHP-1516,MMX-34248334,NODE-DEL-112,NODE-DEL-113,Delhi NCR Major Hub 1,Okhla Fulfilment Center (H02),ROUTE-548,NODE-DEL-113,IN_TRANSIT,CRITICAL_SLA,FMCG,BlueDart Logistics,10.7,21.1,51.7,25.5,76.5,0.52,0.16,5,0.79,10,4,19,1,2,2272849.24,28.5774,77.1549,2026-09-22T19:14:27.972373,2026-09-22T19:26:27.972373,2026-09-22T19:26:27.972373,0.5822695612912878,1,6.5,1
SHP-1517,MMX-77934076,NODE-HYD-155,NODE-CUST-159,Hyderabad Major Hub 2,Hyderabad Zone 3 Retail Cluster,ROUTE-654,NODE-HYD-155,IN_TRANSIT,STANDARD,INDUSTRIAL_EQUIPMENT,BlueDart Logistics,8.6,20.3,48.4,22.4,41.8,0.59,0.19,6,0.8,3,0,19,1,9,807443.43,17.3208,78.4843,2026-09-22T19:14:27.972373,2026-09-22T19:44:27.972373,2026-09-22T19:50:27.972373,0.542545859381219,1,5.4,1
SHP-1518,MMX-52001565,NODE-KOL-133,NODE-KOL-134,Kolkata Major Hub 1,Kolkata Major Hub 2,ROUTE-577,NODE-KOL-134,DELIVERED,CRITICAL_SLA,AUTOMOTIVE,BlueDart Logistics,8.1,29.4,64.3,27.2,51.2,0.14,0.3,5,0.85,5,5,19,2,9,1362514.85,22.5321,88.386,2026-09-23T19:14:27.972373,2026-09-23T19:20:27.972373,2026-09-23T19:20:27.972373,0.5016222377600724,1,6.7,1
SHP-1519,MMX-38996393,NODE-AHM-140,NODE-CUST-143,Ahmedabad Major Hub 1,Ahmedabad Zone 1 Retail Cluster,ROUTE-634,NODE-CUST-143,DELIVERED,CRITICAL_SLA,AUTOMOTIVE,BlueDart Logistics,27.1,49.6,41.3,19.4,76.9,0.3,0.09,2,0.43,3,2,23,2,4,2874397.64,23.1866,72.7206,2026-09-23T23:14:27.972373,2026-09-24T00:02:27.972373,2026-09-24T00:08:27.972373,0.29446661527146134,0,5.3,0
SHP-1520,MMX-29225877,NODE-HYD-155,NODE-CUST-158,Hyderabad Major Hub 2,Hyderabad Zone 2 Retail Cluster,ROUTE-652,NODE-CUST-158,DELIVERED,EXPRESS,AUTOMOTIVE,BlueDart Logistics,19.0,27.1,53.7,19.0,51.5,0.42,0.13,2,0.8,7,3,15,2,2,2836984.43,17.4698,78.3661,2026-09-23T15:14:27.972373,2026-09-23T15:44:27.972373,2026-09-23T15:50:27.972373,0.5085693561685894,1,5.0,1
SHP-1521,MMX-60860721,NODE-AHM-140,NODE-CUST-145,Ahmedabad Major Hub 1,Ahmedabad Zone 3 Retail Cluster,ROUTE-638,NODE-AHM-140,IN_TRANSIT,STANDARD,PHARMA,BlueDart Logistics,10.7,54.6,43.1,26.9,69.1,0.71,0.08,5,0.43,9,4,15,2,3,1288075.09,23.1328,72.4795,2026-09-23T15:14:27.972373,2026-09-23T15:44:27.972373,2026-09-23T15:44:27.972373,0.3825297359439314,0,3.6,0
SHP-1522,MMX-46728250,NODE-PORT-101,NODE-HYD-154,JNPT Nhava Sheva Port,Hyderabad Major Hub 1,ROUTE-507,NODE-HYD-154,IN_TRANSIT,STANDARD,TEXTILES,BlueDart Logistics,600.9,24.3,38.7,19.5,64.7,0.16,0.23,6,0.66,2,2,2,2,6,2345309.31,17.7646,77.0782,2026-09-23T02:14:27.972373,2026-09-23T13:08:27.972373,2026-09-23T15:38:27.972373,0.4201680096189968,0,4.6,0
SHP-1523,MMX-84026745,NODE-PORT-101,NODE-MUM-106,JNPT Nhava Sheva Port,Mumbai Major Hub 2,ROUTE-503,NODE-MUM-106,IN_TRANSIT,EXPRESS,ELECTRONICS,BlueDart Logistics,8.1,73.9,41.7,31.3,75.2,0.2,0.12,5,0.66,5,4,6,2,8,331844.64,18.9951,72.9628,2026-09-23T06:14:27.972373,2026-09-23T06:20:27.972373,2026-09-23T06:20:27.972373,0.3758688120527077,0,6.1,0
SHP-1524,MMX-30869686,NODE-BEN-120,NODE-CHE-128,Bengaluru Major Hub 2,Chennai Major Hub 3,ROUTE-570,NODE-BEN-120,IN_TRANSIT,STANDARD,TEXTILES,BlueDart Logistics,312.7,69.3,40.1,31.3,57.5,0.39,0.16,6,0.56,9,4,20,2,7,1456742.51,12.9702,78.4485,2026-09-23T20:14:27.972373,2026-09-24T01:56:27.972373,2026-09-24T02:50:27.972373,0.498029933429658,1,4.5,1
SHP-1525,MMX-48496283,NODE-MUM-105,NODE-AHM-142,Bhiwandi Central Mega Hub (H04),Ahmedabad Major Hub 3,ROUTE-533,NODE-AHM-142,IN_TRANSIT,EXPRESS,PHARMA,BlueDart Logistics,427.3,51.2,43.0,30.9,68.8,0.41,0.33,2,0.94,10,3,20,2,8,590158.35,21.807,72.7032,2026-09-23T20:14:27.972373,2026-09-24T04:02:27.972373,2026-09-24T06:38:27.972373,0.5273370421728741,1,5.7,1
SHP-1526,MMX-32161108,NODE-BEN-121,NODE-CHE-126,Bengaluru Major Hub 3,Chennai Major Hub 1,ROUTE-571,NODE-CHE-126,AT_RISK,CRITICAL_SLA,FMCG,BlueDart Logistics,286.8,71.8,61.4,29.4,53.7,0.83,0.24,3,0.47,7,2,17,1,2,1922296.21,13.131,79.3235,2026-09-22T17:14:27.972373,2026-09-22T22:26:27.972373,2026-09-22T23:38:27.972373,0.3757558949667741,0,4.4,0
SHP-1527,MMX-26735821,NODE-JAI-148,NODE-CUST-153,Jaipur Major Hub 2,Jaipur Zone 4 Retail Cluster,ROUTE-648,NODE-CUST-153,IN_TRANSIT,STANDARD,ELECTRONICS,BlueDart Logistics,26.5,60.9,51.6,24.9,79.3,0.92,0.19,4,0.63,9,5,22,2,3,1464985.05,26.9753,75.926,2026-09-23T22:14:27.972373,2026-09-23T23:02:27.972373,2026-09-23T23:14:27.972373,0.5091228781058419,1,5.9,1
SHP-1528,MMX-80265183,NODE-DEL-113,NODE-CUST-116,Okhla Fulfilment Center (H02),Delhi NCR Zone 2 Retail Cluster,ROUTE-604,NODE-CUST-116,IN_TRANSIT,CRITICAL_SLA,ELECTRONICS,BlueDart Logistics,23.7,30.5,59.9,18.1,59.1,0.55,0.05,3,0.89,4,5,22,1,9,2068030.4,28.6691,77.2337,2026-09-22T22:14:27.972373,2026-09-22T22:56:27.972373,2026-09-22T22:56:27.972373,0.5434042473330691,1,4.8,1
SHP-1529,MMX-48931830,NODE-DEL-114,NODE-JAI-148,Delhi NCR Major Hub 3,Jaipur Major Hub 2,ROUTE-558,NODE-JAI-148,IN_TRANSIT,STANDARD,PHARMA,BlueDart Logistics,234.1,40.2,39.0,22.9,42.3,0.52,0.15,2,0.67,6,0,19,1,6,2746433.27,27.3076,76.2353,2026-09-22T19:14:27.972373,2026-09-22T23:32:27.972373,2026-09-23T00:08:27.972373,0.41348612508607413,0,5.0,0
SHP-1530,MMX-92615071,NODE-KOL-133,NODE-KOL-134,Kolkata Major Hub 1,Kolkata Major Hub 2,ROUTE-577,NODE-KOL-133,DELAYED,EXPRESS,FMCG,BlueDart Logistics,8.1,34.6,35.1,26.8,57.7,0.88,0.3,6,0.85,9,0,12,1,8,2682857.03,22.5393,88.449,2026-09-22T12:14:27.972373,2026-09-22T12:20:27.972373,2026-09-22T12:20:27.972373,0.5502841687447797,1,7.6,1
SHP-1531,MMX-65125778,NODE-CHE-126,NODE-CUST-129,Chennai Major Hub 1,Chennai Zone 1 Retail Cluster,ROUTE-618,NODE-CUST-129,DELIVERED,EXPRESS,AUTOMOTIVE,BlueDart Logistics,33.9,39.5,35.2,30.5,48.4,0.4,0.1,1,0.63,7,3,21,1,4,299994.15,12.928,80.403,2026-09-22T21:14:27.972373,2026-09-22T22:14:27.972373,2026-09-22T22:20:27.972373,0.4304296229388687,0,3.9,0
SHP-1532,MMX-31721032,NODE-MUM-105,NODE-AHM-141,Bhiwandi Central Mega Hub (H04),Ahmedabad Major Hub 2,ROUTE-532,NODE-AHM-141,IN_TRANSIT,STANDARD,FMCG,BlueDart Logistics,437.1,28.6,54.7,21.2,57.8,0.35,0.25,4,0.94,3,4,16,2,5,370650.23,21.4751,72.6784,2026-09-23T16:14:27.972373,2026-09-24T00:08:27.972373,2026-09-24T02:08:27.972373,0.439423996886552,0,4.1,0
SHP-1533,MMX-74329883,NODE-MUM-105,NODE-PUN-163,Bhiwandi Central Mega Hub (H04),Pune Major Hub 3,ROUTE-536,NODE-MUM-105,IN_TRANSIT,CRITICAL_SLA,AUTOMOTIVE,BlueDart Logistics,111.5,43.9,45.8,30.2,48.9,0.26,0.28,1,0.94,3,3,0,2,7,2244575.76,18.9681,73.1772,2026-09-23T00:14:27.972373,2026-09-23T02:14:27.972373,2026-09-23T02:50:27.972373,0.4466960100676342,0,8.1,0
SHP-1534,MMX-30876492,NODE-BEN-120,NODE-CHE-127,Bengaluru Major Hub 2,Chennai Major Hub 2,ROUTE-569,NODE-CHE-127,IN_TRANSIT,EXPRESS,ELECTRONICS,BlueDart Logistics,308.8,46.9,49.9,27.5,45.7,0.74,0.28,4,0.56,9,5,20,1,7,437682.13,13.0575,79.4999,2026-09-22T20:14:27.972373,2026-09-23T01:50:27.972373,2026-09-23T03:26:27.972373,0.5404491900118772,1,4.8,1
SHP-1535,MMX-43252079,NODE-HYD-155,NODE-HYD-156,Hyderabad Major Hub 2,Hyderabad Major Hub 3,ROUTE-589,NODE-HYD-155,DELAYED,STANDARD,TEXTILES,BlueDart Logistics,9.1,62.2,42.1,27.5,55.4,0.93,0.2,6,0.8,1,3,15,2,8,903926.56,17.3439,78.4832,2026-09-23T15:14:27.972373,2026-09-23T15:26:27.972373,2026-09-23T15:26:27.972373,0.543908194609892,1,6.9,1
SHP-1536,MMX-92020513,NODE-PUN-161,NODE-CUST-165,Pune Major Hub 1,Pune Zone 2 Retail Cluster,ROUTE-659,NODE-CUST-165,AT_RISK,CRITICAL_SLA,PHARMA,BlueDart Logistics,16.4,48.1,42.5,28.7,78.9,0.95,0.14,2,0.42,7,1,20,2,8,2134059.65,18.6342,73.804,2026-09-23T20:14:27.972373,2026-09-23T20:44:27.972373,2026-09-23T20:50:27.972373,0.5228699335658207,1,5.3,1
SHP-1537,MMX-64666503,NODE-MUM-107,NODE-PUN-163,Mumbai Major Hub 3,Pune Major Hub 3,ROUTE-547,NODE-PUN-163,IN_TRANSIT,CRITICAL_SLA,PHARMA,BlueDart Logistics,106.2,54.6,39.5,19.7,58.1,0.33,0.05,2,0.55,3,3,12,2,1,1868578.71,18.7153,73.6416,2026-09-23T12:14:27.972373,2026-09-23T14:08:27.972373,2026-09-23T14:14:27.972373,0.24797933173580242,0,2.4,0
SHP-1538,MMX-43147569,NODE-PORT-104,NODE-CUST-144,Mundra Container Terminal,Ahmedabad Zone 2 Retail Cluster,ROUTE-635,NODE-CUST-144,IN_TRANSIT,CRITICAL_SLA,AUTOMOTIVE,BlueDart Logistics,307.7,54.8,41.9,22.7,61.6,0.53,0.16,6,0.71,1,2,14,2,2,844275.96,22.9826,72.1295,2026-09-23T14:14:27.972373,2026-09-23T23:02:27.972373,2026-09-24T00:26:27.972373,0.34377222278850883,0,5.4,0
SHP-1539,MMX-24969117,NODE-AHM-140,NODE-PUN-161,Ahmedabad Major Hub 1,Pune Major Hub 1,ROUTE-582,NODE-AHM-140,IN_TRANSIT,STANDARD,ELECTRONICS,BlueDart Logistics,522.6,22.2,36.6,28.4,49.5,0.5,0.28,5,0.43,2,3,7,2,3,794175.99,21.2735,73.047,2026-09-23T07:14:27.972373,2026-09-23T16:44:27.972373,2026-09-23T19:26:27.972373,0.48781464046072204,1,4.9,1
SHP-1540,MMX-21707969,NODE-PORT-104,NODE-AHM-142,Mundra Container Terminal,Ahmedabad Major Hub 3,ROUTE-525,NODE-PORT-104,DELAYED,STANDARD,INDUSTRIAL_EQUIPMENT,BlueDart Logistics,298.2,57.6,58.1,19.8,56.2,0.79,0.28,6,0.71,10,4,12,2,6,752844.05,22.8644,70.5642,2026-09-23T12:14:27.972373,2026-09-23T17:38:27.972373,2026-09-23T19:08:27.972373,0.5831554065238426,1,5.8,1
SHP-1541,MMX-50463479,NODE-MUM-105,NODE-MUM-106,Bhiwandi Central Mega Hub (H04),Mumbai Major Hub 2,ROUTE-528,NODE-MUM-106,IN_TRANSIT,CRITICAL_SLA,PHARMA,BlueDart Logistics,8.8,60.8,38.6,26.2,81.0,0.66,0.07,2,0.94,4,5,9,2,8,2780226.89,19.034,72.9627,2026-09-23T09:14:27.972373,2026-09-23T09:26:27.972373,2026-09-23T09:26:27.972373,0.6097846056032572,1,5.7,1
SHP-1542,MMX-74803086,NODE-CHE-126,NODE-CUST-131,Chennai Major Hub 1,Chennai Zone 3 Retail Cluster,ROUTE-622,NODE-CUST-131,IN_TRANSIT,CRITICAL_SLA,PHARMA,BlueDart Logistics,22.8,59.6,36.3,20.7,64.8,0.31,0.14,5,0.63,6,2,16,1,8,1908100.68,13.1464,80.3832,2026-09-22T16:14:27.972373,2026-09-22T16:56:27.972373,2026-09-22T17:02:27.972373,0.34751465726711916,0,4.0,0
SHP-1543,MMX-78919151,NODE-DEL-113,NODE-CUST-118,Okhla Fulfilment Center (H02),Delhi NCR Zone 4 Retail Cluster,ROUTE-608,NODE-DEL-113,IN_TRANSIT,CRITICAL_SLA,TEXTILES,BlueDart Logistics,10.4,63.5,40.0,21.8,83.5,0.35,0.12,5,0.89,1,5,22,2,4,2235109.83,28.5476,77.1723,2026-09-23T22:14:27.972373,2026-09-23T22:44:27.972373,2026-09-23T22:50:27.972373,0.4474902088957642,0,4.0,0
SHP-1544,MMX-71128254,NODE-PORT-103,NODE-KOL-134,Syama Prasad Mookerjee Port,Kolkata Major Hub 2,ROUTE-520,NODE-KOL-134,IN_TRANSIT,EXPRESS,PHARMA,BlueDart Logistics,6.8,61.3,46.5,28.9,58.0,0.33,0.12,2,0.68,1,1,20,2,4,1796732.63,22.534,88.3705,2026-09-23T20:14:27.972373,2026-09-23T20:20:27.972373,2026-09-23T20:20:27.972373,0.37657843103289507,0,3.8,0
SHP-1545,MMX-27847118,NODE-PORT-103,NODE-CUST-138,Syama Prasad Mookerjee Port,Kolkata Zone 3 Retail Cluster,ROUTE-629,NODE-CUST-138,IN_TRANSIT,CRITICAL_SLA,INDUSTRIAL_EQUIPMENT,BlueDart Logistics,21.4,48.9,44.1,21.1,71.9,0.57,0.08,2,0.68,4,0,5,2,9,752739.49,22.619,88.4106,2026-09-23T05:14:27.972373,2026-09-23T05:50:27.972373,2026-09-23T05:50:27.972373,0.29691777499363553,0,6.7,0
SHP-1546,MMX-45438604,NODE-BEN-120,NODE-CHE-128,Bengaluru Major Hub 2,Chennai Major Hub 3,ROUTE-570,NODE-CHE-128,DELIVERED,CRITICAL_SLA,ELECTRONICS,BlueDart Logistics,312.7,73.9,64.7,20.9,45.2,0.65,0.16,6,0.56,10,2,23,2,6,295576.16,12.9626,80.378,2026-09-23T23:14:27.972373,2026-09-24T04:56:27.972373,2026-09-24T05:50:27.972373,0.45065523722647627,1,4.2,1
SHP-1547,MMX-61268618,NODE-MUM-105,NODE-PUN-162,Bhiwandi Central Mega Hub (H04),Pune Major Hub 2,ROUTE-535,NODE-PUN-162,DELIVERED,CRITICAL_SLA,FMCG,BlueDart Logistics,114.6,36.2,64.6,26.8,40.5,0.4,0.13,6,0.94,5,1,18,1,5,2916233.88,18.5718,73.8719,2026-09-22T18:14:27.972373,2026-09-22T20:20:27.972373,2026-09-22T20:38:27.972373,0.43585360635902703,0,5.0,0
SHP-1548,MMX-59478024,NODE-BEN-119,NODE-PUN-161,Bengaluru Major Hub 1,Pune Major Hub 1,ROUTE-566,NODE-PUN-161,DELIVERED,CRITICAL_SLA,INDUSTRIAL_EQUIPMENT,BlueDart Logistics,742.2,53.2,41.2,24.2,54.6,0.27,0.07,6,0.46,7,1,15,2,8,733583.27,18.5882,73.891,2026-09-23T15:14:27.972373,2026-09-24T04:44:27.972373,2026-09-24T05:38:27.972373,0.3323477306978504,0,3.3,0
SHP-1549,MMX-91580498,NODE-MUM-106,NODE-AHM-141,Mumbai Major Hub 2,Ahmedabad Major Hub 2,ROUTE-538,NODE-AHM-141,IN_TRANSIT,STANDARD,FMCG,BlueDart Logistics,445.3,47.3,48.8,29.4,47.9,0.58,0.15,6,0.5,3,5,13,2,5,112089.55,22.0857,72.6206,2026-09-23T13:14:27.972373,2026-09-23T21:20:27.972373,2026-09-23T22:32:27.972373,0.4725572936685655,1,5.8,1
SHP-1550,MMX-11818926,NODE-DEL-112,NODE-DEL-114,Delhi NCR Major Hub 1,Delhi NCR Major Hub 3,ROUTE-549,NODE-DEL-112,IN_TRANSIT,STANDARD,ELECTRONICS,BlueDart Logistics,11.9,24.0,42.4,30.7,83.7,0.19,0.27,5,0.79,3,5,19,1,1,1829715.87,28.5852,77.202,2026-09-22T19:14:27.972373,2026-09-22T19:26:27.972373,2026-09-22T19:32:27.972373,0.405800740664209,0,3.6,0
SHP-1551,MMX-85544613,NODE-PORT-102,NODE-BEN-119,Chennai Port Trust,Bengaluru Major Hub 1,ROUTE-512,NODE-PORT-102,AT_RISK,STANDARD,PHARMA,BlueDart Logistics,285.9,62.4,43.0,31.1,67.0,0.77,0.22,1,0.86,2,4,18,2,6,2565524.63,13.0541,79.5241,2026-09-23T18:14:27.972373,2026-09-23T23:26:27.972373,2026-09-24T00:32:27.972373,0.5578294893736451,1,8.9,1
SHP-1552,MMX-29036775,NODE-BEN-120,NODE-CUST-124,Bengaluru Major Hub 2,Bengaluru Zone 3 Retail Cluster,ROUTE-614,NODE-CUST-124,IN_TRANSIT,EXPRESS,PHARMA,BlueDart Logistics,23.3,38.2,39.6,18.8,71.1,0.63,0.14,1,0.56,1,0,14,2,2,1656694.2,13.0174,77.592,2026-09-23T14:14:27.972373,2026-09-23T14:56:27.972373,2026-09-23T15:02:27.972373,0.31371613823039607,0,3.4,0
SHP-1553,MMX-57957055,NODE-PORT-101,NODE-PORT-104,JNPT Nhava Sheva Port,Mundra Container Terminal,ROUTE-501,NODE-PORT-101,AT_RISK,STANDARD,PHARMA,BlueDart Logistics,548.6,32.5,46.6,22.9,52.9,0.88,0.27,6,0.66,7,5,6,2,2,1500870.7,20.1449,71.9517,2026-09-23T06:14:27.972373,2026-09-23T16:14:27.972373,2026-09-23T18:56:27.972373,0.6313891030829903,1,5.7,1
SHP-1554,MMX-30162191,NODE-PORT-103,NODE-KOL-134,Syama Prasad Mookerjee Port,Kolkata Major Hub 2,ROUTE-520,NODE-KOL-134,DELIVERED,EXPRESS,TEXTILES,BlueDart Logistics,6.8,26.5,62.7,30.9,80.3,0.61,0.12,2,0.68,7,4,15,2,6,1818853.88,22.5321,88.386,2026-09-23T15:14:27.972373,2026-09-23T15:20:27.972373,2026-09-23T15:20:27.972373,0.5792210421650607,1,5.0,1
SHP-1555,MMX-69954440,NODE-KOL-133,NODE-KOL-135,Kolkata Major Hub 1,Kolkata Major Hub 3,ROUTE-578,NODE-KOL-133,AT_RISK,EXPRESS,TEXTILES,BlueDart Logistics,18.6,39.2,38.1,30.8,69.8,0.89,0.23,6,0.85,2,0,12,2,3,2344462.92,22.5651,88.4011,2026-09-23T12:14:27.972373,2026-09-23T12:32:27.972373,2026-09-23T12:38:27.972373,0.48488013310376016,1,4.3,1
SHP-1556,MMX-90764593,NODE-PORT-102,NODE-CUST-132,Chennai Port Trust,Chennai Zone 4 Retail Cluster,ROUTE-623,NODE-CUST-132,DELAYED,STANDARD,ELECTRONICS,BlueDart Logistics,22.6,51.8,63.8,21.9,44.1,0.95,0.18,2,0.86,7,2,14,2,6,1507909.11,13.1864,80.3742,2026-09-23T14:14:27.972373,2026-09-23T14:50:27.972373,2026-09-23T14:56:27.972373,0.5699061516938767,1,5.7,1
SHP-1557,MMX-80725487,NODE-PUN-161,NODE-CUST-167,Pune Major Hub 1,Pune Zone 4 Retail Cluster,ROUTE-663,NODE-PUN-161,IN_TRANSIT,STANDARD,AUTOMOTIVE,BlueDart Logistics,16.1,64.1,54.6,21.4,58.8,0.52,0.17,5,0.42,8,4,14,2,9,2473142.38,18.6051,73.8646,2026-09-23T14:14:27.972373,2026-09-23T14:44:27.972373,2026-09-23T14:50:27.972373,0.4746196887963754,1,4.5,1
SHP-1558,MMX-28703143,NODE-JAI-148,NODE-CUST-153,Jaipur Major Hub 2,Jaipur Zone 4 Retail Cluster,ROUTE-648,NODE-CUST-153,AT_RISK,CRITICAL_SLA,INDUSTRIAL_EQUIPMENT,BlueDart Logistics,26.5,32.1,37.6,23.1,49.1,0.82,0.19,3,0.63,9,3,11,2,3,2766667.1,27.0126,75.9319,2026-09-23T11:14:27.972373,2026-09-23T12:02:27.972373,2026-09-23T12:14:27.972373,0.503872090609019,1,6.4,1
SHP-1559,MMX-60661928,NODE-CHE-127,NODE-CHE-128,Chennai Major Hub 2,Chennai Major Hub 3,ROUTE-576,NODE-CHE-128,DELIVERED,STANDARD,FMCG,BlueDart Logistics,15.0,65.9,51.5,31.0,58.9,0.28,0.18,2,0.47,1,5,21,1,3,395845.64,12.9626,80.378,2026-09-22T21:14:27.972373,2026-09-22T21:32:27.972373,2026-09-22T21:38:27.972373,0.36022260711891485,0,3.7,0
SHP-1560,MMX-65900995,NODE-PORT-101,NODE-HYD-154,JNPT Nhava Sheva Port,Hyderabad Major Hub 1,ROUTE-507,NODE-PORT-101,AT_RISK,EXPRESS,INDUSTRIAL_EQUIPMENT,BlueDart Logistics,600.9,40.4,56.0,27.3,43.3,0.81,0.23,2,0.66,1,1,0,3,6,466768.6,18.6311,74.0604,2026-09-24T00:14:27.972373,2026-09-24T11:08:27.972373,2026-09-24T13:38:27.972373,0.4464507759589869,0,4.1,0
SHP-1561,MMX-91090807,NODE-MUM-106,NODE-AHM-142,Mumbai Major Hub 2,Ahmedabad Major Hub 3,ROUTE-539,NODE-MUM-106,IN_TRANSIT,EXPRESS,PHARMA,BlueDart Logistics,435.4,60.9,57.4,27.8,53.5,0.45,0.33,3,0.5,8,5,14,1,1,895968.76,19.7696,72.9008,2026-09-22T14:14:27.972373,2026-09-22T22:08:27.972373,2026-09-23T00:44:27.972373,0.4639887428448207,1,5.1,1
SHP-1562,MMX-22339511,NODE-MUM-107,NODE-PUN-161,Mumbai Major Hub 3,Pune Major Hub 1,ROUTE-545,NODE-PUN-161,IN_TRANSIT,STANDARD,TEXTILES,BlueDart Logistics,110.0,20.6,60.0,27.5,79.4,0.57,0.14,3,0.55,10,4,5,2,5,2142590.81,18.6707,73.7034,2026-09-23T05:14:27.972373,2026-09-23T07:14:27.972373,2026-09-23T07:32:27.972373,0.656770039932272,1,7.1,1
SHP-1563,MMX-32122351,NODE-AHM-140,NODE-CUST-143,Ahmedabad Major Hub 1,Ahmedabad Zone 1 Retail Cluster,ROUTE-634,NODE-CUST-143,IN_TRANSIT,STANDARD,FMCG,BlueDart Logistics,27.1,60.9,47.0,18.8,57.7,0.8,0.09,5,0.43,10,0,12,2,8,1458377.98,23.1509,72.6217,2026-09-23T12:14:27.972373,2026-09-23T13:02:27.972373,2026-09-23T13:08:27.972373,0.5220562351715846,1,4.7,1
SHP-1564,MMX-51489399,NODE-PORT-102,NODE-BEN-121,Chennai Port Trust,Bengaluru Major Hub 3,ROUTE-514,NODE-PORT-102,AT_RISK,CRITICAL_SLA,AUTOMOTIVE,BlueDart Logistics,294.4,43.3,43.1,19.5,56.3,0.76,0.3,3,0.86,1,1,12,1,5,530143.19,13.0763,79.761,2026-09-22T12:14:27.972373,2026-09-22T17:38:27.972373,2026-09-22T19:14:27.972373,0.470698823391608,1,4.2,1
SHP-1565,MMX-47903378,NODE-DEL-112,NODE-DEL-114,Delhi NCR Major Hub 1,Delhi NCR Major Hub 3,ROUTE-549,NODE-DEL-112,IN_TRANSIT,STANDARD,TEXTILES,BlueDart Logistics,11.9,55.1,36.0,21.8,83.9,0.58,0.27,5,0.79,8,0,10,2,1,978011.86,28.5684,77.2277,2026-09-23T10:14:27.972373,2026-09-23T10:26:27.972373,2026-09-23T10:32:27.972373,0.4735606961081973,1,4.1,1
SHP-1566,MMX-74015552,NODE-DEL-113,NODE-CUST-115,Okhla Fulfilment Center (H02),Delhi NCR Zone 1 Retail Cluster,ROUTE-602,NODE-DEL-113,IN_TRANSIT,STANDARD,TEXTILES,BlueDart Logistics,22.3,37.3,46.7,23.0,45.8,0.67,0.19,3,0.89,7,5,12,2,9,347958.51,28.5734,77.1733,2026-09-23T12:14:27.972373,2026-09-23T12:50:27.972373,2026-09-23T12:56:27.972373,0.6025962313489224,1,6.7,1
SHP-1567,MMX-79296719,NODE-HYD-154,NODE-CUST-158,Hyderabad Major Hub 1,Hyderabad Zone 2 Retail Cluster,ROUTE-651,NODE-CUST-158,AT_RISK,EXPRESS,ELECTRONICS,BlueDart Logistics,9.8,28.9,55.5,19.1,68.2,0.91,0.1,2,0.43,4,5,20,2,3,2318035.86,17.4569,78.3705,2026-09-23T20:14:27.972373,2026-09-23T20:44:27.972373,2026-09-23T20:50:27.972373,0.45809377324110734,1,5.2,1
SHP-1568,MMX-30454970,NODE-HYD-155,NODE-CUST-160,Hyderabad Major Hub 2,Hyderabad Zone 4 Retail Cluster,ROUTE-656,NODE-CUST-160,DELIVERED,CRITICAL_SLA,INDUSTRIAL_EQUIPMENT,BlueDart Logistics,26.1,71.2,45.2,29.0,55.3,0.41,0.06,4,0.8,1,5,16,1,7,755376.35,17.5269,78.6078,2026-09-22T16:14:27.972373,2026-09-22T16:56:27.972373,2026-09-22T16:56:27.972373,0.3960956844541298,0,4.1,0
SHP-1569,MMX-87378080,NODE-JAI-148,NODE-CUST-152,Jaipur Major Hub 2,Jaipur Zone 3 Retail Cluster,ROUTE-646,NODE-JAI-148,DELAYED,EXPRESS,INDUSTRIAL_EQUIPMENT,BlueDart Logistics,24.3,25.4,35.4,28.7,53.9,0.84,0.06,1,0.63,8,0,5,2,8,975470.17,26.8277,75.8382,2026-09-23T05:14:27.972373,2026-09-23T05:56:27.972373,2026-09-23T05:56:27.972373,0.4629604039487072,1,6.2,1
SHP-1570,MMX-69166889,NODE-MUM-105,NODE-CUST-108,Bhiwandi Central Mega Hub (H04),Mumbai Zone 1 Retail Cluster,ROUTE-594,NODE-MUM-105,DELAYED,STANDARD,AUTOMOTIVE,BlueDart Logistics,12.6,23.9,56.3,24.5,84.4,0.93,0.19,4,0.94,3,0,20,1,8,166798.29,19.0666,72.8872,2026-09-22T20:14:27.972373,2026-09-22T20:44:27.972373,2026-09-22T20:50:27.972373,0.5939243257979345,1,7.0,1
SHP-1571,MMX-11066084,NODE-MUM-105,NODE-CUST-108,Bhiwandi Central Mega Hub (H04),Mumbai Zone 1 Retail Cluster,ROUTE-594,NODE-CUST-108,IN_TRANSIT,CRITICAL_SLA,TEXTILES,BlueDart Logistics,12.6,72.4,46.2,27.6,62.8,0.32,0.19,6,0.94,1,4,23,2,1,2236075.55,19.0546,72.8655,2026-09-23T23:14:27.972373,2026-09-23T23:44:27.972373,2026-09-23T23:50:27.972373,0.37992091895947766,0,4.3,0
SHP-1572,MMX-24645711,NODE-MUM-106,NODE-PUN-161,Mumbai Major Hub 2,Pune Major Hub 1,ROUTE-540,NODE-PUN-161,IN_TRANSIT,EXPRESS,ELECTRONICS,BlueDart Logistics,108.2,40.7,52.1,30.0,50.0,0.84,0.19,6,0.5,2,2,17,2,8,1432041.66,18.6833,73.6885,2026-09-23T17:14:27.972373,2026-09-23T19:14:27.972373,2026-09-23T19:38:27.972373,0.5788218656137643,1,7.4,1
SHP-1573,MMX-25344634,NODE-PORT-104,NODE-MUM-105,Mundra Container Terminal,Bhiwandi Central Mega Hub (H04),ROUTE-522,NODE-MUM-105,DELIVERED,CRITICAL_SLA,PHARMA,BlueDart Logistics,535.1,26.0,63.8,23.6,59.5,0.44,0.12,1,0.71,6,2,18,2,8,677273.8,19.0913,72.9317,2026-09-23T18:14:27.972373,2026-09-24T03:56:27.972373,2026-09-24T05:08:27.972373,0.5208463686882082,1,4.7,1
SHP-1574,MMX-13079321,NODE-BEN-121,NODE-CHE-127,Bengaluru Major Hub 3,Chennai Major Hub 2,ROUTE-572,NODE-BEN-121,IN_TRANSIT,STANDARD,FMCG,BlueDart Logistics,299.6,50.0,63.5,20.0,49.6,0.58,0.11,5,0.47,7,0,1,2,6,2379199.43,13.0589,78.403,2026-09-23T01:14:27.972373,2026-09-23T06:38:27.972373,2026-09-23T07:14:27.972373,0.3745449735595568,0,3.3,0
SHP-1575,MMX-22407255,NODE-BEN-119,NODE-CUST-122,Bengaluru Major Hub 1,Bengaluru Zone 1 Retail Cluster,ROUTE-609,NODE-BEN-119,IN_TRANSIT,EXPRESS,AUTOMOTIVE,BlueDart Logistics,13.4,55.0,37.5,19.0,58.2,0.35,0.11,6,0.46,8,3,15,1,9,681609.46,12.9671,77.6876,2026-09-22T15:14:27.972373,2026-09-22T15:44:27.972373,2026-09-22T15:50:27.972373,0.47197027905917444,1,4.4,1
SHP-1576,MMX-20443308,NODE-BEN-120,NODE-CUST-122,Bengaluru Major Hub 2,Bengaluru Zone 1 Retail Cluster,ROUTE-610,NODE-CUST-122,DELIVERED,EXPRESS,AUTOMOTIVE,BlueDart Logistics,30.3,29.0,45.5,23.9,61.4,0.69,0.12,2,0.56,7,2,0,2,7,2477896.31,12.9302,77.7682,2026-09-23T00:14:27.972373,2026-09-23T01:08:27.972373,2026-09-23T01:14:27.972373,0.4299432345496057,0,3.7,0
SHP-1577,MMX-64544291,NODE-HYD-154,NODE-CUST-157,Hyderabad Major Hub 1,Hyderabad Zone 1 Retail Cluster,ROUTE-649,NODE-CUST-157,IN_TRANSIT,STANDARD,TEXTILES,BlueDart Logistics,17.4,37.8,64.6,31.1,73.4,0.73,0.06,3,0.43,1,1,19,1,8,2804767.23,17.4994,78.3595,2026-09-22T19:14:27.972373,2026-09-22T19:44:27.972373,2026-09-22T19:44:27.972373,0.4147807279054283,0,4.4,0
SHP-1578,MMX-32293702,NODE-BEN-120,NODE-CHE-126,Bengaluru Major Hub 2,Chennai Major Hub 1,ROUTE-568,NODE-BEN-120,IN_TRANSIT,CRITICAL_SLA,TEXTILES,BlueDart Logistics,296.3,20.2,48.5,29.7,45.7,0.48,0.29,5,0.56,2,0,22,2,4,2249837.25,13.0634,78.7039,2026-09-23T22:14:27.972373,2026-09-24T03:38:27.972373,2026-09-24T05:14:27.972373,0.4445432596943484,0,7.1,0
SHP-1579,MMX-65573350,NODE-HYD-155,NODE-CUST-159,Hyderabad Major Hub 2,Hyderabad Zone 3 Retail Cluster,ROUTE-654,NODE-CUST-159,IN_TRANSIT,STANDARD,FMCG,BlueDart Logistics,8.6,39.1,63.6,31.6,66.0,0.11,0.19,3,0.8,1,2,17,2,5,1531151.34,17.2993,78.5112,2026-09-23T17:14:27.972373,2026-09-23T17:44:27.972373,2026-09-23T17:50:27.972373,0.23957068771100792,0,2.1,0
SHP-1580,MMX-48255801,NODE-DEL-113,NODE-CUST-117,Okhla Fulfilment Center (H02),Delhi NCR Zone 3 Retail Cluster,ROUTE-606,NODE-CUST-117,AT_RISK,EXPRESS,AUTOMOTIVE,BlueDart Logistics,7.7,65.6,47.8,31.6,55.1,0.89,0.12,4,0.89,7,2,12,2,3,1680623.04,28.5803,77.0944,2026-09-23T12:14:27.972373,2026-09-23T12:44:27.972373,2026-09-23T12:50:27.972373,0.5891877021603464,1,5.2,1
SHP-1581,MMX-23381785,NODE-BEN-120,NODE-CUST-123,Bengaluru Major Hub 2,Bengaluru Zone 2 Retail Cluster,ROUTE-612,NODE-BEN-120,IN_TRANSIT,EXPRESS,INDUSTRIAL_EQUIPMENT,BlueDart Logistics,15.7,58.6,63.1,30.7,44.5,0.17,0.19,1,0.56,2,5,22,2,1,1867968.1,13.0016,77.477,2026-09-23T22:14:27.972373,2026-09-23T22:44:27.972373,2026-09-23T22:50:27.972373,0.3294248203747208,0,3.5,0
SHP-1582,MMX-72269929,NODE-PUN-161,NODE-CUST-167,Pune Major Hub 1,Pune Zone 4 Retail Cluster,ROUTE-663,NODE-CUST-167,IN_TRANSIT,CRITICAL_SLA,FMCG,BlueDart Logistics,16.1,52.0,36.0,22.1,58.9,0.29,0.17,4,0.42,9,3,10,2,2,626902.7,18.6544,73.7879,2026-09-23T10:14:27.972373,2026-09-23T10:44:27.972373,2026-09-23T10:50:27.972373,0.3247356043049599,0,6.0,0
SHP-1583,MMX-14385512,NODE-DEL-113,NODE-CUST-117,Okhla Fulfilment Center (H02),Delhi NCR Zone 3 Retail Cluster,ROUTE-606,NODE-CUST-117,IN_TRANSIT,CRITICAL_SLA,INDUSTRIAL_EQUIPMENT,BlueDart Logistics,7.7,63.2,46.9,31.2,75.2,0.53,0.12,3,0.89,5,2,14,2,7,2036237.4,28.5798,77.0746,2026-09-23T14:14:27.972373,2026-09-23T14:44:27.972373,2026-09-23T14:50:27.972373,0.5056390933053143,1,4.8,1
SHP-1584,MMX-16923083,NODE-PORT-101,NODE-MUM-107,JNPT Nhava Sheva Port,Mumbai Major Hub 3,ROUTE-504,NODE-PORT-101,IN_TRANSIT,STANDARD,ELECTRONICS,BlueDart Logistics,6.1,63.5,60.2,25.3,73.4,0.37,0.31,2,0.66,10,3,13,2,4,1689431.77,18.9656,72.9482,2026-09-23T13:14:27.972373,2026-09-23T13:20:27.972373,2026-09-23T13:20:27.972373,0.5750346428902198,1,5.7,1
SHP-1585,MMX-62614983,NODE-JAI-148,NODE-CUST-153,Jaipur Major Hub 2,Jaipur Zone 4 Retail Cluster,ROUTE-648,NODE-CUST-153,IN_TRANSIT,STANDARD,FMCG,BlueDart Logistics,26.5,71.7,46.7,28.2,58.1,0.37,0.19,2,0.63,7,1,0,3,2,2144573.34,26.9454,75.9213,2026-09-24T00:14:27.972373,2026-09-24T01:02:27.972373,2026-09-24T01:14:27.972373,0.35409331275292477,0,3.1,0
SHP-1586,MMX-27521857,NODE-PUN-161,NODE-CUST-166,Pune Major Hub 1,Pune Zone 3 Retail Cluster,ROUTE-661,NODE-CUST-166,IN_TRANSIT,CRITICAL_SLA,AUTOMOTIVE,BlueDart Logistics,11.1,28.7,44.7,19.3,41.2,0.11,0.05,5,0.42,3,0,13,1,9,2765753.46,18.6048,73.9461,2026-09-22T13:14:27.972373,2026-09-22T13:44:27.972373,2026-09-22T13:44:27.972373,0.32491102931501686,0,3.0,0
SHP-1587,MMX-24888976,NODE-PORT-102,NODE-CUST-129,Chennai Port Trust,Chennai Zone 1 Retail Cluster,ROUTE-617,NODE-CUST-129,IN_TRANSIT,CRITICAL_SLA,INDUSTRIAL_EQUIPMENT,BlueDart Logistics,21.0,62.8,40.6,27.1,50.0,0.26,0.05,2,0.86,7,2,18,1,1,861146.23,12.9921,80.3578,2026-09-22T18:14:27.972373,2026-09-22T18:50:27.972373,2026-09-22T18:50:27.972373,0.3090319550229878,0,7.8,0
SHP-1588,MMX-93977718,NODE-CHE-126,NODE-CUST-129,Chennai Major Hub 1,Chennai Zone 1 Retail Cluster,ROUTE-618,NODE-CHE-126,IN_TRANSIT,STANDARD,TEXTILES,BlueDart Logistics,33.9,25.9,43.5,30.5,44.2,0.52,0.1,3,0.63,4,3,19,2,2,1498559.02,13.0666,80.3006,2026-09-23T19:14:27.972373,2026-09-23T20:14:27.972373,2026-09-23T20:20:27.972373,0.3980077815267604,0,7.4,0
SHP-1589,MMX-92410355,NODE-PORT-103,NODE-KOL-134,Syama Prasad Mookerjee Port,Kolkata Major Hub 2,ROUTE-520,NODE-KOL-134,IN_TRANSIT,CRITICAL_SLA,PHARMA,BlueDart Logistics,6.8,43.1,61.7,26.9,60.3,0.24,0.12,3,0.68,1,1,18,2,1,395761.06,22.5333,88.3758,2026-09-23T18:14:27.972373,2026-09-23T18:20:27.972373,2026-09-23T18:20:27.972373,0.2875167908272123,0,2.4,0
SHP-1590,MMX-13959103,NODE-HYD-155,NODE-CUST-159,Hyderabad Major Hub 2,Hyderabad Zone 3 Retail Cluster,ROUTE-654,NODE-HYD-155,IN_TRANSIT,STANDARD,TEXTILES,BlueDart Logistics,8.6,28.7,57.3,31.0,48.7,0.13,0.19,1,0.8,9,4,1,2,3,688104.26,17.3197,78.4856,2026-09-23T01:14:27.972373,2026-09-23T01:44:27.972373,2026-09-23T01:50:27.972373,0.41569580870455664,0,7.2,0
SHP-1591,MMX-68527249,NODE-JAI-147,NODE-JAI-148,Jaipur Major Hub 1,Jaipur Major Hub 2,ROUTE-584,NODE-JAI-148,IN_TRANSIT,STANDARD,PHARMA,BlueDart Logistics,16.3,24.6,55.7,19.8,52.3,0.27,0.19,1,0.66,6,5,19,2,9,1973177.36,26.8189,75.8494,2026-09-23T19:14:27.972373,2026-09-23T19:32:27.972373,2026-09-23T19:38:27.972373,0.5440783118609696,1,5.8,1
SHP-1592,MMX-68179582,NODE-KOL-133,NODE-CUST-139,Kolkata Major Hub 1,Kolkata Zone 4 Retail Cluster,ROUTE-632,NODE-CUST-139,AT_RISK,STANDARD,FMCG,BlueDart Logistics,13.6,33.8,40.9,29.8,72.3,0.92,0.08,1,0.85,10,4,19,2,5,538676.69,22.5251,88.3567,2026-09-23T19:14:27.972373,2026-09-23T19:44:27.972373,2026-09-23T19:44:27.972373,0.5896171276617442,1,7.4,1
SHP-1593,MMX-88768256,NODE-BEN-119,NODE-CUST-125,Bengaluru Major Hub 1,Bengaluru Zone 4 Retail Cluster,ROUTE-615,NODE-CUST-125,IN_TRANSIT,CRITICAL_SLA,FMCG,BlueDart Logistics,29.3,61.1,59.5,26.7,67.3,0.46,0.16,5,0.46,6,2,4,2,2,1375739.98,12.8752,77.463,2026-09-23T04:14:27.972373,2026-09-23T05:02:27.972373,2026-09-23T05:08:27.972373,0.3719489912873196,0,3.9,0
SHP-1594,MMX-59924201,NODE-DEL-112,NODE-CUST-117,Delhi NCR Major Hub 1,Delhi NCR Zone 3 Retail Cluster,ROUTE-605,NODE-DEL-112,IN_TRANSIT,CRITICAL_SLA,AUTOMOTIVE,BlueDart Logistics,18.3,65.5,54.4,31.5,55.9,0.13,0.1,2,0.79,6,3,11,2,3,1105346.32,28.5647,77.1871,2026-09-23T11:14:27.972373,2026-09-23T11:44:27.972373,2026-09-23T11:50:27.972373,0.35168310526434743,0,3.9,0
SHP-1595,MMX-80767956,NODE-MUM-106,NODE-AHM-141,Mumbai Major Hub 2,Ahmedabad Major Hub 2,ROUTE-538,NODE-AHM-141,DELIVERED,STANDARD,AUTOMOTIVE,BlueDart Logistics,445.3,20.5,55.6,28.0,49.6,0.58,0.15,3,0.5,4,4,1,2,2,1187493.11,23.003,72.516,2026-09-23T01:14:27.972373,2026-09-23T09:20:27.972373,2026-09-23T10:32:27.972373,0.517876997212895,1,5.2,1
SHP-1596,MMX-76294734,NODE-DEL-113,NODE-JAI-149,Okhla Fulfilment Center (H02),Jaipur Major Hub 3,ROUTE-556,NODE-DEL-113,IN_TRANSIT,CRITICAL_SLA,ELECTRONICS,BlueDart Logistics,228.1,35.3,53.2,30.4,78.7,0.16,0.06,6,0.89,7,5,15,1,7,987460.72,28.1122,76.7278,2026-09-22T15:14:27.972373,2026-09-22T19:20:27.972373,2026-09-22T19:32:27.972373,0.4199991800572626,0,4.9,0
SHP-1597,MMX-71977968,NODE-KOL-133,NODE-CUST-137,Kolkata Major Hub 1,Kolkata Zone 2 Retail Cluster,ROUTE-628,NODE-CUST-137,DELIVERED,EXPRESS,ELECTRONICS,BlueDart Logistics,12.1,43.2,38.7,20.4,54.7,0.43,0.2,5,0.85,1,2,12,1,1,1948816.5,22.4439,88.5163,2026-09-22T12:14:27.972373,2026-09-22T12:44:27.972373,2026-09-22T12:50:27.972373,0.3415062532353315,0,3.1,0
SHP-1598,MMX-52033591,NODE-BEN-121,NODE-CHE-128,Bengaluru Major Hub 3,Chennai Major Hub 3,ROUTE-573,NODE-BEN-121,IN_TRANSIT,EXPRESS,PHARMA,BlueDart Logistics,303.8,22.0,51.0,25.4,55.2,0.11,0.1,4,0.47,2,3,23,2,5,860286.96,13.0093,78.781,2026-09-23T23:14:27.972373,2026-09-24T04:44:27.972373,2026-09-24T05:20:27.972373,0.28506181421088467,0,2.5,0
SHP-1599,MMX-24111073,NODE-PORT-103,NODE-CUST-137,Syama Prasad Mookerjee Port,Kolkata Zone 2 Retail Cluster,ROUTE-627,NODE-CUST-137,AT_RISK,STANDARD,TEXTILES,BlueDart Logistics,22.8,41.6,55.9,24.4,78.2,0.92,0.06,1,0.68,6,4,20,1,2,136400.14,22.4701,88.4629,2026-09-22T20:14:27.972373,2026-09-22T20:56:27.972373,2026-09-22T20:56:27.972373,0.49378533699619453,1,4.6,1
SHP-1600,MMX-20071990,NODE-AHM-141,NODE-AHM-142,Ahmedabad Major Hub 2,Ahmedabad Major Hub 3,ROUTE-583,NODE-AHM-141,IN_TRANSIT,CRITICAL_SLA,INDUSTRIAL_EQUIPMENT,BlueDart Logistics,13.1,44.0,40.1,20.7,80.6,0.41,0.1,5,0.64,1,5,7,2,1,816078.69,22.9846,72.5373,2026-09-23T07:14:27.972373,2026-09-23T07:26:27.972373,2026-09-23T07:26:27.972373,0.37736502465224264,0,4.7,0
SHP-1601,MMX-95483760,NODE-BEN-120,NODE-CHE-126,Bengaluru Major Hub 2,Chennai Major Hub 1,ROUTE-568,NODE-CHE-126,DELIVERED,CRITICAL_SLA,AUTOMOTIVE,BlueDart Logistics,296.3,53.7,59.4,21.8,47.7,0.22,0.29,4,0.56,2,1,14,2,6,2592589.95,13.1753,80.2203,2026-09-23T14:14:27.972373,2026-09-23T19:38:27.972373,2026-09-23T21:14:27.972373,0.36284943083226767,0,3.4,0
SHP-1602,MMX-84962645,NODE-BEN-119,NODE-CUST-125,Bengaluru Major Hub 1,Bengaluru Zone 4 Retail Cluster,ROUTE-615,NODE-CUST-125,IN_TRANSIT,STANDARD,INDUSTRIAL_EQUIPMENT,BlueDart Logistics,29.3,48.7,42.2,24.7,62.1,0.34,0.16,6,0.46,8,1,10,2,2,828245.5,12.8975,77.5037,2026-09-23T10:14:27.972373,2026-09-23T11:02:27.972373,2026-09-23T11:08:27.972373,0.26789173379111875,0,3.6,0
SHP-1603,MMX-78978156,NODE-BEN-119,NODE-CHE-127,Bengaluru Major Hub 1,Chennai Major Hub 2,ROUTE-563,NODE-BEN-119,IN_TRANSIT,CRITICAL_SLA,INDUSTRIAL_EQUIPMENT,BlueDart Logistics,291.0,60.4,41.2,19.1,83.7,0.15,0.05,1,0.46,4,3,21,2,7,604356.42,13.0245,78.6986,2026-09-23T21:14:27.972373,2026-09-24T02:32:27.972373,2026-09-24T02:50:27.972373,0.355980296005283,0,7.2,0
SHP-1604,MMX-66786713,NODE-AHM-140,NODE-AHM-142,Ahmedabad Major Hub 1,Ahmedabad Major Hub 3,ROUTE-581,NODE-AHM-140,IN_TRANSIT,CRITICAL_SLA,AUTOMOTIVE,BlueDart Logistics,24.0,45.0,39.6,25.1,81.1,0.29,0.06,3,0.43,7,3,5,2,9,648911.15,23.0482,72.5119,2026-09-23T05:14:27.972373,2026-09-23T05:38:27.972373,2026-09-23T05:38:27.972373,0.4607818929402476,1,4.0,1
SHP-1605,MMX-70752435,NODE-MUM-107,NODE-AHM-141,Mumbai Major Hub 3,Ahmedabad Major Hub 2,ROUTE-543,NODE-MUM-107,IN_TRANSIT,EXPRESS,INDUSTRIAL_EQUIPMENT,BlueDart Logistics,446.8,72.3,52.3,19.4,60.7,0.19,0.22,1,0.55,4,0,21,2,8,601737.81,20.9374,72.7369,2026-09-23T21:14:27.972373,2026-09-24T05:20:27.972373,2026-09-24T07:08:27.972373,0.3426717451611851,0,4.3,0
SHP-1606,MMX-66718851,NODE-PUN-161,NODE-PUN-163,Pune Major Hub 1,Pune Major Hub 3,ROUTE-591,NODE-PUN-161,IN_TRANSIT,STANDARD,AUTOMOTIVE,BlueDart Logistics,4.4,71.0,37.5,24.0,46.8,0.53,0.34,5,0.42,6,0,12,2,8,854137.16,18.5943,73.8868,2026-09-23T12:14:27.972373,2026-09-23T12:20:27.972373,2026-09-23T12:20:27.972373,0.5213397906279034,1,5.1,1
SHP-1607,MMX-87206131,NODE-DEL-112,NODE-JAI-147,Delhi NCR Major Hub 1,Jaipur Major Hub 1,ROUTE-550,NODE-DEL-112,IN_TRANSIT,STANDARD,AUTOMOTIVE,BlueDart Logistics,244.9,42.1,52.8,25.4,62.2,0.47,0.15,6,0.79,1,5,14,1,4,2878966.57,28.1535,76.8964,2026-09-22T14:14:27.972373,2026-09-22T18:44:27.972373,2026-09-22T19:26:27.972373,0.4033105400448214,0,5.9,0
SHP-1608,MMX-95483165,NODE-BEN-120,NODE-CHE-127,Bengaluru Major Hub 2,Chennai Major Hub 2,ROUTE-569,NODE-CHE-127,IN_TRANSIT,STANDARD,PHARMA,BlueDart Logistics,308.8,49.3,43.3,30.4,71.5,0.44,0.28,4,0.56,2,1,10,2,5,1510756.4,13.057,79.486,2026-09-23T10:14:27.972373,2026-09-23T15:50:27.972373,2026-09-23T17:26:27.972373,0.3037672648344292,0,2.8,0
SHP-1609,MMX-32366774,NODE-CHE-126,NODE-CHE-127,Chennai Major Hub 1,Chennai Major Hub 2,ROUTE-574,NODE-CHE-127,DELIVERED,CRITICAL_SLA,INDUSTRIAL_EQUIPMENT,BlueDart Logistics,15.9,35.8,35.1,20.6,80.9,0.63,0.26,6,0.63,5,5,16,1,4,552186.09,13.0925,80.3404,2026-09-22T16:14:27.972373,2026-09-22T16:32:27.972373,2026-09-22T16:38:27.972373,0.4230639875547862,0,5.0,0
SHP-1610,MMX-43220287,NODE-DEL-112,NODE-DEL-113,Delhi NCR Major Hub 1,Okhla Fulfilment Center (H02),ROUTE-548,NODE-DEL-113,IN_TRANSIT,EXPRESS,AUTOMOTIVE,BlueDart Logistics,10.7,27.8,35.4,24.6,55.0,0.25,0.16,3,0.79,2,1,19,2,1,1802315.21,28.5712,77.1835,2026-09-23T19:14:27.972373,2026-09-23T19:26:27.972373,2026-09-23T19:26:27.972373,0.4158022155744592,0,5.7,0
SHP-1611,MMX-70749138,NODE-PORT-102,NODE-CUST-131,Chennai Port Trust,Chennai Zone 3 Retail Cluster,ROUTE-621,NODE-CUST-131,DELIVERED,STANDARD,ELECTRONICS,BlueDart Logistics,15.7,65.0,52.0,31.9,77.6,0.55,0.12,2,0.86,3,0,9,2,2,948576.7,13.1386,80.4271,2026-09-23T09:14:27.972373,2026-09-23T09:44:27.972373,2026-09-23T09:50:27.972373,0.39121828281770293,0,6.8,0
SHP-1612,MMX-25134534,NODE-KOL-133,NODE-CUST-136,Kolkata Major Hub 1,Kolkata Zone 1 Retail Cluster,ROUTE-626,NODE-CUST-136,DELIVERED,EXPRESS,INDUSTRIAL_EQUIPMENT,BlueDart Logistics,23.7,74.4,42.7,24.8,56.4,0.11,0.18,3,0.85,5,5,18,2,6,2679548.63,22.4224,88.2722,2026-09-23T18:14:27.972373,2026-09-23T18:56:27.972373,2026-09-23T19:02:27.972373,0.42022076645447726,0,5.0,0
SHP-1613,MMX-58240526,NODE-BEN-120,NODE-CHE-128,Bengaluru Major Hub 2,Chennai Major Hub 3,ROUTE-570,NODE-CHE-128,DELIVERED,CRITICAL_SLA,INDUSTRIAL_EQUIPMENT,BlueDart Logistics,312.7,60.1,35.6,31.7,78.5,0.66,0.16,2,0.56,6,3,15,2,1,770885.02,12.9626,80.378,2026-09-23T15:14:27.972373,2026-09-23T20:56:27.972373,2026-09-23T21:50:27.972373,0.43499843131599103,0,4.5,0
SHP-1614,MMX-62482651,NODE-DEL-113,NODE-DEL-114,Okhla Fulfilment Center (H02),Delhi NCR Major Hub 3,ROUTE-553,NODE-DEL-113,IN_TRANSIT,STANDARD,INDUSTRIAL_EQUIPMENT,BlueDart Logistics,4.6,30.7,63.6,26.9,83.4,0.85,0.31,6,0.89,9,3,9,2,9,566109.13,28.5976,77.1399,2026-09-23T09:14:27.972373,2026-09-23T09:20:27.972373,2026-09-23T09:20:27.972373,0.6117255476350814,1,6.4,1
SHP-1615,MMX-72588071,NODE-HYD-154,NODE-CUST-158,Hyderabad Major Hub 1,Hyderabad Zone 2 Retail Cluster,ROUTE-651,NODE-HYD-154,IN_TRANSIT,EXPRESS,FMCG,BlueDart Logistics,9.8,37.0,36.2,25.3,55.4,0.62,0.1,4,0.43,8,4,21,1,6,900805.17,17.4281,78.3805,2026-09-22T21:14:27.972373,2026-09-22T21:44:27.972373,2026-09-22T21:50:27.972373,0.5977875989808413,1,7.5,1
SHP-1616,MMX-51046667,NODE-MUM-106,NODE-AHM-142,Mumbai Major Hub 2,Ahmedabad Major Hub 3,ROUTE-539,NODE-MUM-106,IN_TRANSIT,EXPRESS,TEXTILES,BlueDart Logistics,435.4,54.3,54.9,22.3,53.0,0.78,0.33,1,0.5,8,0,19,2,4,884901.03,19.9428,72.8848,2026-09-23T19:14:27.972373,2026-09-24T03:08:27.972373,2026-09-24T05:44:27.972373,0.4744610590987614,1,5.0,1
SHP-1617,MMX-67988874,NODE-PORT-101,NODE-MUM-105,JNPT Nhava Sheva Port,Bhiwandi Central Mega Hub (H04),ROUTE-502,NODE-MUM-105,IN_TRANSIT,EXPRESS,FMCG,BlueDart Logistics,15.8,56.3,35.0,21.5,55.8,0.34,0.29,5,0.66,9,1,0,2,2,2153931.44,19.0697,72.9345,2026-09-23T00:14:27.972373,2026-09-23T00:32:27.972373,2026-09-23T00:38:27.972373,0.38346973973024473,0,3.3,0
SHP-1618,MMX-33260196,NODE-HYD-155,NODE-CUST-157,Hyderabad Major Hub 2,Hyderabad Zone 1 Retail Cluster,ROUTE-650,NODE-CUST-157,DELIVERED,EXPRESS,ELECTRONICS,BlueDart Logistics,26.3,32.0,49.2,23.0,76.5,0.64,0.06,4,0.8,7,0,7,2,5,2764572.68,17.5361,78.348,2026-09-23T07:14:27.972373,2026-09-23T08:02:27.972373,2026-09-23T08:02:27.972373,0.4642883311949346,1,7.2,1
SHP-1619,MMX-83260153,NODE-JAI-147,NODE-CUST-152,Jaipur Major Hub 1,Jaipur Zone 3 Retail Cluster,ROUTE-645,NODE-CUST-152,IN_TRANSIT,CRITICAL_SLA,FMCG,BlueDart Logistics,8.8,68.2,59.1,19.9,74.5,0.31,0.13,4,0.66,9,1,17,2,5,949738.48,26.8178,75.6955,2026-09-23T17:14:27.972373,2026-09-23T17:44:27.972373,2026-09-23T17:50:27.972373,0.3985504615868357,0,4.8,0
SHP-1620,MMX-13546316,NODE-MUM-107,NODE-PUN-163,Mumbai Major Hub 3,Pune Major Hub 3,ROUTE-547,NODE-MUM-107,IN_TRANSIT,EXPRESS,FMCG,BlueDart Logistics,106.2,25.3,50.8,27.7,62.7,0.68,0.05,3,0.55,8,2,23,2,7,1426330.05,18.8235,73.3808,2026-09-23T23:14:27.972373,2026-09-24T01:08:27.972373,2026-09-24T01:14:27.972373,0.5416942012139566,1,6.0,1
SHP-1621,MMX-72117013,NODE-DEL-113,NODE-CUST-118,Okhla Fulfilment Center (H02),Delhi NCR Zone 4 Retail Cluster,ROUTE-608,NODE-DEL-113,IN_TRANSIT,STANDARD,ELECTRONICS,BlueDart Logistics,10.4,53.8,44.1,21.4,63.0,0.21,0.12,5,0.89,10,2,12,1,1,2278238.76,28.5652,77.1536,2026-09-22T12:14:27.972373,2026-09-22T12:44:27.972373,2026-09-22T12:50:27.972373,0.3224762772277344,0,3.0,0
SHP-1622,MMX-17116259,NODE-PORT-104,NODE-CUST-143,Mundra Container Terminal,Ahmedabad Zone 1 Retail Cluster,ROUTE-633,NODE-CUST-143,IN_TRANSIT,STANDARD,FMCG,BlueDart Logistics,311.5,24.7,43.1,31.8,44.8,0.61,0.14,3,0.71,10,3,20,2,6,2599726.67,23.0716,71.7188,2026-09-23T20:14:27.972373,2026-09-24T05:08:27.972373,2026-09-24T06:20:27.972373,0.6025734178567997,1,6.4,1
SHP-1623,MMX-25395963,NODE-DEL-113,NODE-DEL-114,Okhla Fulfilment Center (H02),Delhi NCR Major Hub 3,ROUTE-553,NODE-DEL-114,IN_TRANSIT,STANDARD,TEXTILES,BlueDart Logistics,4.6,50.9,64.0,19.9,80.3,0.64,0.31,2,0.89,5,5,0,2,5,2171469.02,28.6107,77.1427,2026-09-23T00:14:27.972373,2026-09-23T00:20:27.972373,2026-09-23T00:20:27.972373,0.6696012248237518,1,6.3,1
SHP-1624,MMX-41531482,NODE-PORT-102,NODE-AHM-140,Chennai Port Trust,Ahmedabad Major Hub 1,ROUTE-518,NODE-PORT-102,IN_TRANSIT,STANDARD,ELECTRONICS,BlueDart Logistics,1385.8,53.2,38.6,19.4,49.2,0.5,0.14,5,0.86,8,3,23,1,1,2781831.11,17.4218,76.9058,2026-09-22T23:14:27.972373,2026-09-24T00:26:27.972373,2026-09-24T03:56:27.972373,0.5052710023077489,1,5.6,1
SHP-1625,MMX-36890661,NODE-AHM-140,NODE-CUST-146,Ahmedabad Major Hub 1,Ahmedabad Zone 4 Retail Cluster,ROUTE-640,NODE-CUST-146,DELIVERED,CRITICAL_SLA,AUTOMOTIVE,BlueDart Logistics,9.7,57.5,60.8,26.6,59.5,0.64,0.19,2,0.43,3,5,22,2,4,553787.7,23.0792,72.5667,2026-09-23T22:14:27.972373,2026-09-23T22:44:27.972373,2026-09-23T22:50:27.972373,0.5341593313319699,1,4.7,1
SHP-1626,MMX-26123105,NODE-CHE-126,NODE-CUST-131,Chennai Major Hub 1,Chennai Zone 3 Retail Cluster,ROUTE-622,NODE-CHE-126,IN_TRANSIT,EXPRESS,FMCG,BlueDart Logistics,22.8,35.9,38.0,26.2,56.5,0.33,0.14,4,0.63,2,3,17,2,7,2449806.14,13.1691,80.2554,2026-09-23T17:14:27.972373,2026-09-23T17:56:27.972373,2026-09-23T18:02:27.972373,0.3594392161784408,0,4.3,0
SHP-1627,MMX-38290431,NODE-JAI-147,NODE-CUST-152,Jaipur Major Hub 1,Jaipur Zone 3 Retail Cluster,ROUTE-645,NODE-JAI-147,IN_TRANSIT,STANDARD,FMCG,BlueDart Logistics,8.8,51.9,36.0,27.1,69.6,0.48,0.13,3,0.66,3,3,20,2,8,866866.92,26.8137,75.7076,2026-09-23T20:14:27.972373,2026-09-23T20:44:27.972373,2026-09-23T20:50:27.972373,0.395519758987071,0,12.3,0
SHP-1628,MMX-62872219,NODE-PUN-161,NODE-PUN-162,Pune Major Hub 1,Pune Major Hub 2,ROUTE-590,NODE-PUN-162,DELIVERED,CRITICAL_SLA,INDUSTRIAL_EQUIPMENT,BlueDart Logistics,2.7,41.5,36.9,27.2,55.8,0.71,0.09,3,0.42,8,5,7,2,3,871103.43,18.5718,73.8719,2026-09-23T07:14:27.972373,2026-09-23T07:14:27.972373,2026-09-23T07:14:27.972373,0.47221065399501755,1,4.1,1
SHP-1629,MMX-88449352,NODE-PORT-102,NODE-AHM-140,Chennai Port Trust,Ahmedabad Major Hub 1,ROUTE-518,NODE-AHM-140,IN_TRANSIT,EXPRESS,INDUSTRIAL_EQUIPMENT,BlueDart Logistics,1385.8,40.7,49.2,27.2,65.9,0.89,0.14,6,0.86,9,2,10,2,3,2108417.68,21.2815,73.8918,2026-09-23T10:14:27.972373,2026-09-24T11:26:27.972373,2026-09-24T14:56:27.972373,0.5502862456144348,1,9.2,1
SHP-1630,MMX-24150817,NODE-PUN-161,NODE-CUST-165,Pune Major Hub 1,Pune Zone 2 Retail Cluster,ROUTE-659,NODE-CUST-165,DELIVERED,STANDARD,FMCG,BlueDart Logistics,16.4,22.5,60.6,20.2,44.3,0.19,0.14,6,0.42,8,2,3,2,4,2944918.77,18.66,73.7552,2026-09-23T03:14:27.972373,2026-09-23T03:44:27.972373,2026-09-23T03:50:27.972373,0.4252095759235474,0,4.2,0
SHP-1631,MMX-24450015,NODE-MUM-107,NODE-PUN-161,Mumbai Major Hub 3,Pune Major Hub 1,ROUTE-545,NODE-PUN-161,IN_TRANSIT,EXPRESS,INDUSTRIAL_EQUIPMENT,BlueDart Logistics,110.0,61.6,47.6,18.9,67.5,0.2,0.14,6,0.55,2,3,8,2,6,1839273.24,18.673,73.6982,2026-09-23T08:14:27.972373,2026-09-23T10:14:27.972373,2026-09-23T10:32:27.972373,0.2438767685142591,0,4.5,0
SHP-1632,MMX-21545180,NODE-BEN-120,NODE-CUST-125,Bengaluru Major Hub 2,Bengaluru Zone 4 Retail Cluster,ROUTE-616,NODE-CUST-125,DELIVERED,STANDARD,FMCG,BlueDart Logistics,15.6,74.4,52.2,20.8,51.4,0.47,0.11,3,0.56,4,1,0,2,3,1330485.88,12.852,77.4207,2026-09-23T00:14:27.972373,2026-09-23T00:44:27.972373,2026-09-23T00:50:27.972373,0.4079775159730307,0,5.3,0
SHP-1633,MMX-76595544,NODE-HYD-155,NODE-CUST-157,Hyderabad Major Hub 2,Hyderabad Zone 1 Retail Cluster,ROUTE-650,NODE-CUST-157,DELIVERED,CRITICAL_SLA,ELECTRONICS,BlueDart Logistics,26.3,72.8,37.9,18.5,46.3,0.1,0.06,4,0.8,10,4,21,2,2,1055098.37,17.5361,78.348,2026-09-23T21:14:27.972373,2026-09-23T22:02:27.972373,2026-09-23T22:02:27.972373,0.3530996050710506,0,4.0,0
SHP-1634,MMX-50027348,NODE-DEL-112,NODE-DEL-114,Delhi NCR Major Hub 1,Delhi NCR Major Hub 3,ROUTE-549,NODE-DEL-112,IN_TRANSIT,CRITICAL_SLA,PHARMA,BlueDart Logistics,11.9,65.5,50.0,23.0,80.5,0.83,0.27,1,0.79,8,3,21,2,7,2628231.86,28.5715,77.2229,2026-09-23T21:14:27.972373,2026-09-23T21:26:27.972373,2026-09-23T21:32:27.972373,0.5866559465026291,1,6.6,1
SHP-1635,MMX-81729149,NODE-PORT-104,NODE-HYD-154,Mundra Container Terminal,Hyderabad Major Hub 1,ROUTE-526,NODE-HYD-154,AT_RISK,EXPRESS,ELECTRONICS,BlueDart Logistics,1091.3,32.7,53.0,22.6,50.1,0.9,0.14,3,0.71,7,5,16,1,6,250460.81,18.3262,76.8965,2026-09-22T16:14:27.972373,2026-09-23T12:02:27.972373,2026-09-23T14:50:27.972373,0.5568947812369915,1,7.3,1
SHP-1636,MMX-36912165,NODE-JAI-148,NODE-CUST-153,Jaipur Major Hub 2,Jaipur Zone 4 Retail Cluster,ROUTE-648,NODE-JAI-148,IN_TRANSIT,CRITICAL_SLA,PHARMA,BlueDart Logistics,26.5,71.2,50.0,23.6,42.5,0.69,0.19,1,0.63,10,3,4,2,5,1977034.4,26.918,75.9169,2026-09-23T04:14:27.972373,2026-09-23T05:02:27.972373,2026-09-23T05:14:27.972373,0.44225716640671153,0,4.4,0
SHP-1637,MMX-56418606,NODE-JAI-148,NODE-JAI-149,Jaipur Major Hub 2,Jaipur Major Hub 3,ROUTE-586,NODE-JAI-149,IN_TRANSIT,STANDARD,ELECTRONICS,BlueDart Logistics,23.0,31.2,59.5,22.6,74.1,0.88,0.22,1,0.63,4,3,14,1,2,2426703.11,26.9281,75.7605,2026-09-22T14:14:27.972373,2026-09-22T14:38:27.972373,2026-09-22T14:44:27.972373,0.5356585291980958,1,5.0,1
SHP-1638,MMX-74101392,NODE-PORT-103,NODE-KOL-133,Syama Prasad Mookerjee Port,Kolkata Major Hub 1,ROUTE-519,NODE-KOL-133,IN_TRANSIT,CRITICAL_SLA,FMCG,BlueDart Logistics,14.8,60.7,62.9,30.4,61.5,0.21,0.32,6,0.68,1,0,15,2,1,1514960.32,22.5406,88.407,2026-09-23T15:14:27.972373,2026-09-23T15:32:27.972373,2026-09-23T15:38:27.972373,0.2621658983594202,0,3.6,0
SHP-1639,MMX-67288633,NODE-KOL-133,NODE-KOL-135,Kolkata Major Hub 1,Kolkata Major Hub 3,ROUTE-578,NODE-KOL-135,IN_TRANSIT,STANDARD,PHARMA,BlueDart Logistics,18.6,71.2,35.8,28.9,48.8,0.62,0.23,4,0.85,1,4,15,2,8,203814.23,22.582,88.357,2026-09-23T15:14:27.972373,2026-09-23T15:32:27.972373,2026-09-23T15:38:27.972373,0.4680019550129473,1,6.0,1
SHP-1640,MMX-86242194,NODE-JAI-147,NODE-CUST-150,Jaipur Major Hub 1,Jaipur Zone 1 Retail Cluster,ROUTE-641,NODE-JAI-147,IN_TRANSIT,STANDARD,PHARMA,BlueDart Logistics,19.0,44.1,61.9,31.8,56.5,0.26,0.18,4,0.66,1,1,22,2,4,321372.89,26.8451,75.7053,2026-09-23T22:14:27.972373,2026-09-23T22:44:27.972373,2026-09-23T22:50:27.972373,0.23124606139681925,0,3.7,0
SHP-1641,MMX-98259272,NODE-PORT-102,NODE-BEN-119,Chennai Port Trust,Bengaluru Major Hub 1,ROUTE-512,NODE-BEN-119,IN_TRANSIT,CRITICAL_SLA,ELECTRONICS,BlueDart Logistics,285.9,33.7,36.7,18.8,59.7,0.34,0.22,3,0.86,6,4,18,2,4,2994361.99,13.025,78.7788,2026-09-23T18:14:27.972373,2026-09-23T23:26:27.972373,2026-09-24T00:32:27.972373,0.4372107650354936,0,5.6,0
SHP-1642,MMX-80711829,NODE-MUM-105,NODE-AHM-141,Bhiwandi Central Mega Hub (H04),Ahmedabad Major Hub 2,ROUTE-532,NODE-MUM-105,IN_TRANSIT,STANDARD,INDUSTRIAL_EQUIPMENT,BlueDart Logistics,437.1,24.2,63.2,20.9,71.7,0.79,0.25,2,0.94,8,5,3,2,5,2827209.61,20.4795,72.7842,2026-09-23T03:14:27.972373,2026-09-23T11:08:27.972373,2026-09-23T13:08:27.972373,0.7759510762644698,1,7.3,1
SHP-1643,MMX-38289021,NODE-BEN-120,NODE-CHE-127,Bengaluru Major Hub 2,Chennai Major Hub 2,ROUTE-569,NODE-BEN-120,IN_TRANSIT,CRITICAL_SLA,AUTOMOTIVE,BlueDart Logistics,308.8,49.8,38.1,22.9,58.5,0.91,0.28,4,0.56,5,0,23,2,4,2740545.18,13.0109,78.3791,2026-09-23T23:14:27.972373,2026-09-24T04:50:27.972373,2026-09-24T06:26:27.972373,0.4625204324318198,1,6.0,1
SHP-1644,MMX-50320729,NODE-MUM-105,NODE-AHM-141,Bhiwandi Central Mega Hub (H04),Ahmedabad Major Hub 2,ROUTE-532,NODE-MUM-105,IN_TRANSIT,CRITICAL_SLA,AUTOMOTIVE,BlueDart Logistics,437.1,64.9,39.3,31.7,71.4,0.65,0.25,4,0.94,2,0,12,2,8,2517159.36,20.4392,72.7885,2026-09-23T12:14:27.972373,2026-09-23T20:08:27.972373,2026-09-23T22:08:27.972373,0.41034285234409473,0,3.6,0
SHP-1645,MMX-98637717,NODE-PORT-104,NODE-MUM-105,Mundra Container Terminal,Bhiwandi Central Mega Hub (H04),ROUTE-522,NODE-MUM-105,DELIVERED,EXPRESS,ELECTRONICS,BlueDart Logistics,535.1,67.0,46.5,18.3,57.2,0.48,0.12,2,0.71,4,3,15,1,3,1996780.8,19.0913,72.9317,2026-09-22T15:14:27.972373,2026-09-23T00:56:27.972373,2026-09-23T02:08:27.972373,0.3862128467957027,0,4.2,0
SHP-1646,MMX-67384680,NODE-KOL-134,NODE-KOL-135,Kolkata Major Hub 2,Kolkata Major Hub 3,ROUTE-579,NODE-KOL-135,DELIVERED,CRITICAL_SLA,ELECTRONICS,BlueDart Logistics,12.3,62.0,63.1,30.7,74.0,0.39,0.33,3,0.51,10,1,15,2,1,1055785.94,22.6054,88.2961,2026-09-23T15:14:27.972373,2026-09-23T15:26:27.972373,2026-09-23T15:32:27.972373,0.35836382151261653,0,3.1,0
SHP-1647,MMX-27699655,NODE-PORT-102,NODE-CHE-126,Chennai Port Trust,Chennai Major Hub 1,ROUTE-515,NODE-PORT-102,DELAYED,CRITICAL_SLA,ELECTRONICS,BlueDart Logistics,12.8,41.3,56.6,27.5,78.6,0.9,0.22,4,0.86,7,4,3,2,9,817297.09,13.1276,80.2583,2026-09-23T03:14:27.972373,2026-09-23T03:26:27.972373,2026-09-23T03:26:27.972373,0.5271556678529216,1,5.0,1
SHP-1648,MMX-97648351,NODE-PORT-101,NODE-MUM-107,JNPT Nhava Sheva Port,Mumbai Major Hub 3,ROUTE-504,NODE-MUM-107,DELIVERED,CRITICAL_SLA,AUTOMOTIVE,BlueDart Logistics,6.1,72.3,37.6,21.5,64.4,0.39,0.31,4,0.66,1,4,4,2,5,1116999.86,19.0048,72.9436,2026-09-23T04:14:27.972373,2026-09-23T04:20:27.972373,2026-09-23T04:20:27.972373,0.42378525667410943,0,4.1,0
SHP-1649,MMX-39238325,NODE-HYD-155,NODE-CUST-160,Hyderabad Major Hub 2,Hyderabad Zone 4 Retail Cluster,ROUTE-656,NODE-HYD-155,IN_TRANSIT,STANDARD,ELECTRONICS,BlueDart Logistics,26.1,36.9,54.8,29.7,78.1,0.48,0.06,1,0.8,8,0,23,2,8,159161.1,17.4263,78.5376,2026-09-23T23:14:27.972373,2026-09-23T23:56:27.972373,2026-09-23T23:56:27.972373,0.42045327348956607,0,4.2,0
SHP-1650,MMX-29716823,NODE-DEL-112,NODE-CUST-117,Delhi NCR Major Hub 1,Delhi NCR Zone 3 Retail Cluster,ROUTE-605,NODE-DEL-112,IN_TRANSIT,CRITICAL_SLA,ELECTRONICS,BlueDart Logistics,18.3,71.6,43.3,26.5,54.1,0.15,0.1,2,0.79,5,2,23,1,5,2613713.35,28.5649,77.1855,2026-09-22T23:14:27.972373,2026-09-22T23:44:27.972373,2026-09-22T23:50:27.972373,0.37081031824067096,0,4.6,0
